<?xml version="1.0" encoding="utf-8"?>
<openerp>
    <data noupdate="1">
    <!--<data>-->
        <!--if user offline then timer will stop-->
        <record id="ir_cron_check_stop_timer" model="ir.cron">
            <field name="name">Offline stop timer</field>
            <field name="active" eval="True" />
            <field name="user_id" ref="base.user_root" />
            <field name="interval_number">5</field>
            <field name="interval_type">minutes</field>
            <field name="numbercall">-1</field>
            <field name="model" eval="'im_chat.presence'" />
            <field name="function" eval="'check_stop_timer'" />
            <field name="args" eval="" />
            <field name="priority" eval="4" />
        </record>

        <!--new status for yesterday's timelogs-->
        <record id="ir_cron_nonactive_new_timer_status" model="ir.cron">
            <field name="name">Nonactive new status</field>
            <field name="active" eval="True" />
            <field name="user_id" ref="base.user_root" />
            <field name="interval_number">1</field>
            <field name="interval_type">days</field>
            <field name="numbercall">-1</field>
            <field name="nextcall" eval="(DateTime.now() + timedelta(days=1)).strftime('%Y-%m-%d 00:00:00')" />
            <field name="model" eval="'project.task.work'" />
            <field name="function" eval="'subtask_new_status'" />
            <field name="args" eval="" />
            <field name="priority" eval="5" />
        </record>

        <!--clear stopline for yesterday's date-->
        <record id="ir_cron_clear_stopline_datetime" model="ir.cron">
            <field name="name">Clear stopline datetime</field>
            <field name="active" eval="True" />
            <field name="user_id" ref="base.user_root" />
            <field name="interval_number">1</field>
            <field name="interval_type">days</field>
            <field name="numbercall">-1</field>
            <field name="nextcall" eval="(DateTime.now() + timedelta(days=1)).strftime('%Y-%m-%d 00:00:00')" />
            <field name="model" eval="'project.task'" />
            <field name="function" eval="'clear_stopline_datetime'" />
            <field name="args" eval="" />
            <field name="priority" eval="5" />
        </record>

        <!--if stopline is not false. If date/time in stopline is current date/time then timer will stop-->
        <record id="ir_cron_stopline" model="ir.cron">
            <field name="name">Stopline</field>
            <field name="active" eval="True" />
            <field name="user_id" ref="base.user_root" />
            <field name="interval_number">1</field>
            <field name="interval_type">minutes</field>
            <field name="numbercall">-1</field>
            <field name="model" eval="'project.task'" />
            <field name="function" eval="'stopline_timer'" />
            <field name="args" eval="" />
            <field name="priority" eval="4" />
        </record>

        <record id="mt_timelog_stopline" model="mail.message.subtype">
            <field name="name">Stopline changed</field>
            <field name="res_model">project.task</field>
            <field name="default" eval="True"/>
            <field name="description">Stopline changed</field>
        </record>

        <record id="mt_timelog_stopline_change" model="mail.message.subtype">
            <field name="name">Stopline changed</field>
            <field name="sequence" eval="10"/>
            <field name="res_model">project.project</field>
            <field name="parent_id" eval="ref('mt_timelog_stopline')"/>
            <field name="relation_field">project_id</field>
        </record>

        <record id="action_auto_stop_timer" model="ir.actions.server">
            <field name="name">Auto stop timer for user</field>
            <field name="condition">True</field>
            <field name="type">ir.actions.server</field>
            <field name="model_id" ref="model_project_task"/>
            <field name="state">code</field>
            <field name="code">
                obj.set_stage_timer()
            </field>
        </record>

        <record id="rule_auto_stop_timer" model="base.action.rule">
            <field name="name">Set timer info</field>
            <field eval="True" name="active" />
            <field name="model_id" ref="model_project_task"/>
            <field name="kind">on_write</field>
            <field name="server_action_ids"
                   eval="[(4, ref('action_auto_stop_timer'))]"/>
        </record>
    </data>
</openerp>
