<?xml version="1.0" encoding="UTF-8"?>
<template>
    <t t-extend="mail.ChatThread.Message">
        <t t-jquery="p[class=o_mail_info]>span" t-operation="after">
            <span class="recipients_info"><t t-if="message.partner_ids">
                <t t-if="message.partner_ids.length > 0">To: </t>
                <t t-foreach="message.partner_ids.length" t-as="i">
                    <t t-if="i &lt; message.more_recipients_value">
                        <a t-att-href="_.str.sprintf('/web?#id=%s&amp;view_type=form&amp;model=res.partner', message.partner_ids[i][0])" class="recipient_link">
                            <i t-esc="message.partner_ids[i][1]"/><t t-if="i &lt; message.partner_ids.length - 1">; </t>
                        </a>
                    </t>
                </t>
                <t t-if="message.partner_ids.length &gt; message.more_recipients_value">
                    <span t-att-title="message.more_recipients">
                        and <t t-esc="message.partner_ids.length - message.more_recipients_value"/> more
                    </span>
                </t>
            </t></span>
        </t>
    </t>
</template>
