<?xml version="1.0" encoding="utf-8"?>
<openerp>
<data>
<template id="fency_report_purchaseorder_document">
<t t-if="o and 'company_id' in o">
                <t t-set="company" t-value="o.company_id"></t>
            </t>
            <t t-if="not o or not 'company_id' in o">
                <t t-set="company" t-value="res_company"></t>
            </t>
            <div class="header">
                <div class="row">
                    <div class="col-xs-6" style="font:15px lucida-console,sans-serif !important;" >
                        <span style="color:#3498DB !important;" t-field="company.partner_id" /><br/>
                        <span  t-field="company.partner_id.street" /><br/>
                        <span  t-field="company.partner_id.street2" /><br/>
                        <span t-field="company.partner_id.city" /><br/>
                        <span  t-field="company.partner_id.country_id" /><br/>
<span  t-field="company.partner_id.vat" /><br/>
</div>
<div class="col-xs-6  text-right">
                        <img t-if="company.logo" t-att-src="'data:image/png;base64,%s' % company.logo"
                            style="max-height: 85px;" />
                    </div>
</div>
            </div>
            
    <t t-call="report.external_layout">
        <t t-set="o" t-value="o.with_context({'lang':o.partner_id.lang})"/>
        <div class="page">
            <div class="oe_structure"/>
            <h2 style=" background-color:  #3498DB;"><font color="#fff">Purchase Order <span t-field="o.name"/></font></h2>
            <div class="row mt32 mb32">
            <div class="col-xs-6 ">
                <strong style="color:gray !important;">Vendor address:</strong><br/>
                    <span style="color:#3498DB !important;" t-field="o.partner_id" /><br/>
                        <span t-if="o.partner_id.street"  t-field="o.partner_id.street" /><br t-if="o.partner_id.street"/>
                        <span t-if="o.partner_id.street2"  t-field="o.partner_id.street2" /><br t-if="o.partner_id.street2"/>
                        <span t-if="o.partner_id.city"  t-field="o.partner_id.city" /><br t-if="o.partner_id.city"/>
                        <span t-if="o.partner_id.country_id" t-field="o.partner_id.country_id" /><br t-if="o.partner_id.country_id"/>
                        <span t-if="o.partner_id.vat" t-field="o.partner_id.vat"/><br/>
                </div>
                <div class="col-xs-6 text-right">
                    <strong style="color:gray !important;">Shipping address:</strong>
                    <div t-if="o.dest_address_id">
                        <div t-field="o.dest_address_id"
                            t-field-options='{"widget": "contact", "fields": ["address", "name", "phone", "fax"], "no_marker": true, "phone_icons": true}'/>
                     <div t-field="o.dest_address_id.vat"/>
                    </div>
                    <div t-if="not o.dest_address_id and o.picking_type_id.warehouse_id">
                        <span t-field="o.picking_type_id.warehouse_id.name"/>
                        <div t-field="o.picking_type_id.warehouse_id.partner_id"
                            t-field-options='{"widget": "contact", "fields": ["address", "phone", "fax"], "no_marker": true, "phone_icons": true}'/>
			<div t-field="o.picking_type_id.warehouse_id.partner_id.vat"/>
                    </div>
                </div>
                
            </div>

            

            <table class="table table-condensed table table-striped">
                <thead style=" background-color: #3498DB;" >
                    <tr>
                        <th><font color="#fff"><strong>Description</strong></font></th>
                        <th class="text-center"><font color="#fff"><strong>Taxes</strong></font></th>
                        <th class="text-center"><font color="#fff"><strong>Date Req.</strong></font></th>
                        <th class="text-center"><font color="#fff"><strong>Qty</strong></font></th>
                        <th class="text-right"><font color="#fff"><strong>Unit Price</strong></font></th>
                        <th class="text-right"><font color="#fff"><strong>Net Price</strong></font></th>
                    </tr>
                </thead>
                <tbody>
                    <tr t-foreach="o.order_line" t-as="line">
                        <td>
                            <span t-field="line.name"/>
                        </td>
                        <td>
                            <span t-esc="', '.join(map(lambda x: x.name, line.taxes_id))"/>
                        </td>
                        <td class="text-center">
                            <span t-field="line.date_planned"/>
                        </td>
                        <td class="text-right">
                            <span t-field="line.product_qty"/>
                            <span t-field="line.product_uom.name" groups="product.group_uom"/>
                        </td>
                        <td class="text-right">
                            <span t-field="line.price_unit"/>
                        </td>
                        <td class="text-right">
                            <span t-field="line.price_subtotal"
                                t-field-options='{"widget": "monetary", "display_currency": "o.currency_id"}'/>
                        </td>
                    </tr>
                </tbody>
            </table>
             <div class="row">
                <div class="col-xs-4 pull-right">
                    <table class="table table-condensed">
                        <tr class="border-black">
                            <td><strong>Total Without Taxes</strong></td>
                            <td class="text-right">
                                <span t-field="o.amount_untaxed"
                                    t-field-options='{"widget": "monetary", "display_currency": "o.currency_id"}'/>
                            </td>
                        </tr>
                        <tr>
                            <td>Taxes</td>
                            <td class="text-right">
                                <span t-field="o.amount_tax"
                                    t-field-options='{"widget": "monetary", "display_currency": "o.currency_id"}'/>
                            </td>
                        </tr>
                        <tr style=" background-color: #3498DB;" class="border-black">
                            <td><strong>Total</strong></td>
                            <td class="text-right">
                                <span t-field="o.amount_total"
                                    t-field-options='{"widget": "monetary", "display_currency": "o.currency_id"}'/>
                            </td>
                        </tr>
                    </table>
                </div>
            </div>
            <div style=" background-color: #3498DB; color:#fff !important; font:15px lucida-console,sans-serif !important; ">
            <p t-if="o.notes">
            <strong><span>Note:</span> </strong> <span t-field="o.notes" />
            </p>
            </div>

            <div class="oe_structure"/>
        </div>
    </t>
</template>
<!--<template id="report_purchaseorder">-->
    <!--<t t-call="report.html_container">-->
        <!--<t t-foreach="docs" t-as="o">-->
            <!--<t t-if="o.company_id.purchase_template == 'fency'">-->
                <!--<t t-call="bi_professional_reports_templates.fency_report_purchaseorder_document" t-lang="o.partner_id.lang"/>-->
            <!--</t>-->
        <!--</t>-->
    <!--</t>-->
<!--</template>-->
</data>
</openerp>
    
