<?xml version="1.0" encoding="utf-8"?>
<openerp>
<data>
<template id="modern_report_purchasequotation_document">
<t t-if="o and 'company_id' in o">
                <t t-set="company" t-value="o.company_id"></t>
            </t>
            <t t-if="not o or not 'company_id' in o">
                <t t-set="company" t-value="res_company"></t>
            </t>
            <div class="header">
                <div class="row">
                    
                <div class="col-xs-6  ">
                        <img t-if="company.logo" t-att-src="'data:image/png;base64,%s' % company.logo"
                            style="max-height: 85px;" />
                    </div>
                    <div class="col-xs-6 text-right" style="font:15px lucida-console,sans-serif !important; background-color:#893b74 !important;" >
                        <span style="color:#fff !important;"  t-field="company.partner_id" /><br/>
                        <span style="color:#fff !important;" t-field="company.partner_id.street" /><br/>
                        <span style="color:#fff !important;" t-field="company.partner_id.street2" /><br/>
                        <span style="color:#fff !important;" t-field="company.partner_id.city" /><br/>
                        <span style="color:#fff !important;" t-field="company.partner_id.country_id" /><br/>
 <span style="color:#fff !important;" t-field="company.partner_id.vat"/><br/>
</div>
</div>
            </div>
    <t t-call="report.external_layout">
        <t t-set="o" t-value="o.with_context({'lang':o.partner_id.lang})"/>
        <div class="page">
           <div class="oe_structure"/>
                <div class="row">
                    <table class="table table-condensed table table-striped" style=" table-layout:fixed;" >
                <thead style=" background-color: #893b74;">
                    <tr>
                        <th width="30px" style="border: 1px !important; border-style: solid !important; border-color: #fff; color:#fff !important; ">Vendor</th>
                        <th width="30px" style="border: 1px !important; border-style: solid !important; border-color: #fff; color:#fff !important; ">Shipping Address</th>
                        <th width="20px" style="border: 1px !important; border-style: solid !important; border-color: #fff; color:#fff !important; ">Reference/Description</th>
                        <th width="20px" style="border: 1px !important; border-style: solid !important; border-color: #fff; color:#fff !important; ">Request For Quatation #</th>
                    </tr>
               </thead>
               <tbody>
                        <tr>
                            <td style="border: 1px !important; border-style: solid !important; border-color: #fff !important;">
                               <div t-field="o.partner_id"
                        t-field-options='{"widget": "contact", "fields": ["address", "name", "phone", "fax"], "no_marker": true, "phone_icons": true}'/>
                          <div t-field="o.partner_id.vat"/>
                            </td>
                        <td style="border: 1px !important; border-style: solid !important; border-color: #fff !important;">
                             <div t-if="o.dest_address_id">
                        <div t-field="o.dest_address_id"
                            t-field-options='{"widget": "contact", "fields": ["address", "name", "phone", "fax"], "no_marker": true, "phone_icons": true}'/>
                    <div t-field="o.dest_address_id.vat"/>
                    </div>
                    <div t-if="not o.dest_address_id and o.picking_type_id.warehouse_id">
                        <span t-field="o.picking_type_id.warehouse_id.name"/>
                        <div t-field="o.picking_type_id.warehouse_id.partner_id"
                            t-field-options='{"widget": "contact", "fields": ["address", "phone", "fax"], "no_marker": true, "phone_icons": true}'/>
                     <div t-field="o.picking_type_id.warehouse_id.partner_id.vat"/>
                    </div>
                        </td>
                        <td style="border: 1px !important; border-style: solid !important; border-color: #fff !important;">
                        </td>
                        <td style="border: 1px !important; border-style: solid !important; border-color: #fff !important;">
                            <b><div t-field="o.name"/></b>
                        </td>
                        </tr>
                       </tbody>
            </table>
            
            <table class="table table-condensed table table-striped" style=" table-layout:fixed; padding-top=20px;" >
                <thead style=" background-color: #893b74;">
                    <tr>
                        <th width="30px" style="border: 1px !important; border-style: solid !important; border-color: #fff; color:#fff !important; ">Order Date</th>
                        <th width="30px" style="border: 1px !important; border-style: solid !important; border-color: #fff; color:#fff !important; ">Scheduled Date</th>
                        <th width="20px" style="border: 1px !important; border-style: solid !important; border-color: #fff; color:#fff !important; ">Approval Date</th>
                        <th width="20px" style="border: 1px !important; border-style: solid !important; border-color: #fff; color:#fff !important; ">Payment Term</th>
                    </tr>
               </thead>
               <tbody>
                <tr>
                    <td style="border: 1px !important; border-style: solid !important; border-color: #fff !important;">
                            <div t-field="o.date_order"/>
                            </td>
                        <td style="border: 1px !important; border-style: solid !important; border-color: #fff !important;">
                                <div t-field="o.date_planned"/>
                        </td>
                        <td style="border: 1px !important; border-style: solid !important; border-color: #fff !important;">
                    <div t-field="o.date_approve"/>
                        </td>
                        <td style="border: 1px !important; border-style: solid !important; border-color: #fff !important;">
                    <div t-field="o.payment_term_id"/>
                        </td>
                        </tr>
                       </tbody>
            </table>


            <table class="table table-condensed table table-striped">
                <thead style=" background-color: #893b74;">
                    <tr>
                        <th><font color="#fff"><strong>Description</strong></font></th>
                        <th class="text-center"><font color="#fff"><strong>Expected Date</strong></font></th>
                        <th class="text-right"><font color="#fff"><strong>Qty</strong></font></th>
                    </tr>
                </thead>
                <tbody>
                    <tr t-foreach="o.order_line" t-as="order_line">
                        <td>
                            <span t-field="order_line.name"/>
                        </td>
                        <td class="text-center">
                            <span t-field="order_line.date_planned"/>
                        </td>
                        <td class="text-right">
                            <span t-field="order_line.product_qty"/>
                            <span t-field="order_line.product_uom" groups="product.group_uom"/>
                        </td>
                    </tr>
                </tbody>
            </table>
            </div>
            <p style=" background-color: #893b74;" t-field="o.notes" />

            <div class="oe_structure"/>
        </div>
    </t>
</template>

</data>
</openerp>
    
