id,name,model_id:id,group_id:id,perm_read,perm_write,perm_create,perm_unlink
access_resource_calendar_thecage_erp,resource.calendar,resource.model_resource_calendar,base.group_erp_manager,1,1,1,1
access_resource_calendar_thecage_sale,resource.calendar,resource.model_resource_calendar,sales_team.group_sale_manager,1,1,1,0
access_resource_calendar_leaves_thecage_erp,resource.calendar.leaves,resource.model_resource_calendar_leaves,base.group_erp_manager,1,1,1,1
access_resource_calendar_leaves_thecage_sale,resource.calendar.leaves,resource.model_resource_calendar_leaves,sales_team.group_sale_manager,1,1,1,0
access_resource_calendar_attendance_thecage_erp,resource.calendar.attendance,resource.model_resource_calendar_attendance,base.group_erp_manager,1,1,1,1
access_resource_calendar_attendance_thecage_sale,resource.calendar.attendance,resource.model_resource_calendar_attendance,sales_team.group_sale_manager,1,1,1,0


