<?xml version="1.0" encoding="utf-8"?>

<!--
    Copyright 2016 LasLabs Inc.
    @license AGPL-3 or later (http://www.gnu.org/licenses/agpl.html).
-->

<odoo>
    <template id="field_autocomplete_demo" name="Field Autocomplete Demo"  page="True">
        <t t-call="website.layout">
            <div id="wrap" class="oe_structure oe_empty">
                <div class="container">
                    <h1>Website Menu Autocomplete:</h1>
                    <div class="row">
                        <label for="url">URL</label>
                        <input type="text"
                               name="url"
                               class="js_website_autocomplete"
                               data-query-field="name"
                               data-display-field="name"
                               data-value-field="url"
                               data-limit="10"
                               data-model="website.menu"
                               />
                    </div>
                </div>
            </div>
        </t>
    </template>
    <record id="field_autocomplete_demo_link" model="website.menu">
        <field name="name">AutoComplete</field>
        <field name="url">/page/website_field_autocomplete.field_autocomplete_demo</field>
        <field name="parent_id" ref="website.main_menu" />
        <field name="sequence" type="int">50</field>
    </record>
</odoo>
