<?xml version="1.0" encoding="utf-8"?>
<openerp><data>

<record model="ir.ui.view" id="view_task_form2">
    <field name="model">project.task</field>
    <field name="inherit_id" ref="project.view_task_form2"/>
    <field name="arch" type="xml">
        <xpath expr="//field[@name='date_deadline']" position="after">
            <field name="reminder_alarm_ids" widget="many2many_tags" attrs="{'readonly':[('date_deadline','=',False)]}" string="Reminders"/>
        </xpath>
    </field>
</record>

</data></openerp>
