<?xml version="1.0" encoding="utf-8" ?>
<openerp>
<data>

<template id="demo_page" page="True" name="Fluid container demo">
    <t t-call="website.layout">
        <div id="wrap" class="oe_structure oe_empty">
            <section>
                <div class="container">
                    <div class="row">
                        <div class="col-md-12">
                            <h1 class="text-center">These are responsive containers</h1>
                            <h3 class="text-muted text-center">They have a fixed width depending on the screen size</h3>
                        </div>
                    </div>
                </div>
            </section>
            <section class="oe_dark mt16 mb16">
                <div class="container">
                    <div class="row">
                        <div class="col-md-12 text-center mt32 mb32">
                            <h2>A Punchy Headline</h2>
                        </div>
                        <div class="col-md-12">
                            <img alt="Odoo CMS - a big picture" class="img img-responsive" src="/website/static/src/img/big_picture.png" style="margin: 0 auto;"/>
                        </div>
                        <div class="col-md-6 col-md-offset-3 mb16 mt16">
                            <p class="text-center">
                                <b>A Small Subtitle</b>
                            </p>
                            <p class="text-center">Choose a vibrant image and write an inspiring paragraph about it. It does not have to be long, but it should reinforce your image.</p>
                            <p class="text-center">
                                <a href="/page/website.contactus">Contact us »</a>
                            </p>
                        </div>
                    </div>
                </div>
            </section>
            <section class="mt16 mb16">
                <div class="container">
                    <div class="row">
                        <div class="col-md-4">
                            <img alt="Odoo - Sample 1 for three columns" class="img img-rounded img-responsive" src="/website/static/src/img/desert_thumb.jpg"/>
                            <h4 class="mt16">Feature One</h4>
                            <p>Adapt these three columns to fit you design need. To duplicate, delete or move columns, select the column and use the top icons to perform your action.</p>
                        </div>
                        <div class="col-md-4">
                            <img alt="Odoo - Sample 2 for three columns" class="img img-rounded img-responsive" src="/website/static/src/img/deers_thumb.jpg"/>
                            <h4 class="mt16">Feature Two</h4>
                            <p>To add a fourth column, reduce the size of these three columns using the right icon of each block. Then, duplicate one of the column to create a new one as a copy.</p>
                        </div>
                        <div class="col-md-4">
                            <img alt="Odoo - Sample 3 for three columns" class="img img-rounded img-responsive" src="/website/static/src/img/china_thumb.jpg"/>
                            <h4 class="mt16">Feature Three</h4>
                            <p>Delete the above image or replace it with a picture that illustrates your message. Click on the picture to change it's <em>rounded corner</em> style.</p>
                        </div>
                    </div>
                </div>
            </section>
            <section>
                <div class="container">
                    <div class="row">
                        <div class="col-md-12 text-center mt16 mb32">
                            <h2>Our Customer References</h2>
                            <h4 class="text-muted">More than 500 successful projects</h4>
                        </div>
                        <div class="col-md-6">
                            <img alt="Odoo CMS - Gallery sample" class="img img-thumbnail img-responsive mb16" src="/website/static/src/img/desert.jpg" style=""/>
                        </div>
                        <div class="col-md-3">
                            <img alt="Odoo CMS - Gallery sample" class="img img-thumbnail img-responsive mb16" src="/website/static/src/img/china_thumb.jpg"/>
                        </div>
                        <div class="col-md-3">
                            <img alt="Odoo CMS - Gallery sample" class="img img-thumbnail img-responsive mb16" src="/website/static/src/img/deers_thumb.jpg"/>
                        </div>
                        <div class="col-md-3">
                            <img alt="Odoo CMS - Gallery sample" class="img img-thumbnail img-responsive mb16" src="/website/static/src/img/desert_thumb.jpg"/>
                        </div>
                        <div class="col-md-3">
                            <img alt="Odoo CMS - Gallery sample" class="img img-thumbnail img-responsive mb16" src="/website/static/src/img/china_thumb.jpg"/>
                        </div>
                        <div class="col-md-3">
                            <img alt="Odoo CMS - Gallery sample" class="img img-thumbnail img-responsive mb16" src="/website/static/src/img/deers_thumb.jpg"/>
                        </div>
                        <div class="col-md-6">
                            <img alt="Odoo CMS - Gallery sample" class="img img-thumbnail img-responsive mb16" src="/website/static/src/img/landscape.jpg"/>
                        </div>
                        <div class="col-md-3">
                            <img alt="Odoo CMS - Gallery sample" class="img img-thumbnail img-responsive mb16" src="/website/static/src/img/china_thumb.jpg"/>
                        </div>
                    </div>
                </div>
            </section>
            <hr/>
            <section class="oe_dark mt16 mb16">
                <div class="container-fluid">
                    <div class="row">
                        <div class="col-md-12 text-center mt32 mb32">
                            <h2>A Punchy Headline</h2>
                        </div>
                        <div class="col-md-12">
                            <img alt="Odoo CMS - a big picture" class="img img-responsive" src="/website/static/src/img/big_picture.png" style="margin: 0 auto"/>
                        </div>
                        <div class="col-md-6 col-md-offset-3 mb16 mt16">
                            <p class="text-center">
                                <b>A Small Subtitle</b>
                            </p>
                            <p class="text-center">Choose a vibrant image and write an inspiring paragraph about it. It does not have to be long, but it should reinforce your image.</p>
                            <p class="text-center">
                                <a href="/page/website.contactus">Contact us »</a>
                            </p>
                        </div>
                    </div>
                </div>
            </section>
            <section class="mb16">
                <div class="container-fluid">
                    <div class="row mt16 mb16">
                        <div class="col-md-4 text-center">
                            <span class="fa fa-suitcase fa-5x"></span>
                            <h3 class="mt8 mb0">First Feature</h3>
                            <div class="text-muted">Tell what's the value for the</div>
                            <div class="text-muted">customer for this feature.</div>
                        </div>
                        <div class="col-md-4 text-center">
                            <span class="fa fa-lock fa-5x"></span>
                            <h3 class="mt8 mb0">Second Feature</h3>
                            <div class="text-muted">Write what the customer would like to know,</div>
                            <div class="text-muted">not what you want to show.</div>
                        </div>
                        <div class="col-md-4 text-center">
                            <span class="fa fa-heart fa-5x"></span>
                            <h3 class="mt8 mb0">Third Feature</h3>
                            <div class="text-muted">A small explanation of this great</div>
                            <div class="text-muted">feature, in clear words.</div>
                        </div>
                    </div>
                </div>
            </section>
            <section>
                <div class="container-fluid">
                    <div class="row">
                        <div class="col-md-12 text-center mt16 mb32">
                            <h2>Our Customer References</h2>
                            <h4 class="text-muted">More than 500 successful projects</h4>
                        </div>
                        <div class="col-md-6">
                            <img alt="Odoo CMS - Gallery sample" class="img img-thumbnail img-responsive mb16" src="/website/static/src/img/desert.jpg"/>
                        </div>
                        <div class="col-md-3">
                            <img alt="Odoo CMS - Gallery sample" class="img img-thumbnail img-responsive mb16" src="/website/static/src/img/china_thumb.jpg"/>
                        </div>
                        <div class="col-md-3">
                            <img alt="Odoo CMS - Gallery sample" class="img img-thumbnail img-responsive mb16" src="/website/static/src/img/deers_thumb.jpg"/>
                        </div>
                        <div class="col-md-3">
                            <img alt="Odoo CMS - Gallery sample" class="img img-thumbnail img-responsive mb16" src="/website/static/src/img/desert_thumb.jpg"/>
                        </div>
                        <div class="col-md-3">
                            <img alt="Odoo CMS - Gallery sample" class="img img-thumbnail img-responsive mb16" src="/website/static/src/img/china_thumb.jpg"/>
                        </div>
                        <div class="col-md-3">
                            <img alt="Odoo CMS - Gallery sample" class="img img-thumbnail img-responsive mb16" src="/website/static/src/img/deers_thumb.jpg"/>
                        </div>
                        <div class="col-md-6">
                            <img alt="Odoo CMS - Gallery sample" class="img img-thumbnail img-responsive mb16" src="/website/static/src/img/landscape.jpg"/>
                        </div>
                        <div class="col-md-3">
                            <img alt="Odoo CMS - Gallery sample" class="img img-thumbnail img-responsive mb16" src="/website/static/src/img/china_thumb.jpg"/>
                        </div>
                    </div>
                </div>
            </section>
        </div>
    </t>
</template>

<record id="demo_page_link" model="website.menu">
    <field name="name">Container width type demo</field>
    <field name="url">/page/website_container_fluid.demo_page</field>
    <field name="parent_id" ref="website.main_menu" />
    <field name="sequence" type="int">50</field>
</record>

</data>
</openerp>
