<?xml version="1.0" encoding="utf-8"?>
<odoo>
    <data>

        <record id="multi_session_form" model="ir.ui.view">
            <field name="name">pos.multi_session.form</field>
            <field name="model">pos.multi_session</field>
            <field name="type">form</field>
            <field name="arch" type="xml">
                <form>
                    <sheet string="Multi-session">
                        <label for="name" class="oe_edit_only"/>
                            <h1><field name="name"/></h1>
                        <group string="Settings">
                            <field name="pos_ids" widget="many2many_tags" domain="[('current_session_state', '!=', 'opened')]" options="{'not_delete': True}"/>
                            <field name="sync_server"/>
                            <field name="fiscal_position_ids" widget="many2many_tags" options="{'not_delete': True}"/>
                            <field name="order_ID" readonly="1"/>
                        </group>
                        <group>
                        <p class="oe_edit_only"> To remove or add a POS to multi-session close its session first </p>
                        </group>
                    </sheet>
                </form>
            </field>
        </record>

         <record id="action_multi_session_form" model="ir.actions.act_window">
            <field name="name">Multi-sessions</field>
            <field name="res_model">pos.multi_session</field>
            <field name="view_type">form</field>
            <field name="view_mode">tree,form</field>
        </record>

        <menuitem id="menu_pos_ms_settings" name="Multi-sessions" parent="point_of_sale.menu_point_config_product" sequence="25" action="action_multi_session_form" groups="base.group_system"/>

    </data>
</odoo>
