<?xml version="1.0" encoding="UTF-8"?>
<templates id="template" xml:space="preserve">
    <t t-extend="FieldBinaryImage">
        <t t-jquery=".o_select_file_button" t-operation="after">
            <span class="fa fa-at fa-lg o_link_address_button" title="Link"/>
        </t>
    </t>

    <t t-name="AttachmentURL">
        <div class="input_url">
            <span t-if="widget.get('effective_readonly')"/>
            <input t-if="!widget.get('effective_readonly')" class="o_form_input" type="text" t-att-id="widget.id_for_label" placeholder="Image URL"/>
        </div>
    </t>
</templates>
