<?xml version="1.0" ?>
<openerp>
    <data noupdate="1">
        <record id="ir_model_access_currencyrateupdate0" model="ir.model.access">
            <field name="model_id" ref="currency_rate_update.model_currency_rate_update"/>
            <field eval="1" name="perm_read"/>
            <field eval="&quot;&quot;&quot;Currency Rate Update&quot;&quot;&quot;" name="name"/>
            <field eval="0" name="perm_unlink"/>
            <field eval="0" name="perm_write"/>
            <field eval="0" name="perm_create"/>
        </record>
    </data>
    <data>
        <record id="ir_model_access_currencyrateupdate1" model="ir.model.access">
            <field name="model_id" ref="currency_rate_update.model_currency_rate_update"/>
            <field eval="1" name="perm_read"/>
            <field eval="&quot;&quot;&quot;Currency Rate Update&quot;&quot;&quot;" name="name"/>
            <field eval="1" name="perm_unlink"/>
            <field eval="1" name="perm_write"/>
            <field eval="1" name="perm_create"/>
            <field name="group_id" ref="account.group_account_manager"/>
        </record>
    </data>
    <data>
        <record id="ir_model_access_currencyrateupdate2" model="ir.model.access">
            <field name="model_id" ref="currency_rate_update.model_currency_rate_update"/>
            <field eval="1" name="perm_read"/>
            <field eval="&quot;&quot;&quot;Currency Rate Update&quot;&quot;&quot;" name="name"/>
            <field eval="1" name="perm_unlink"/>
            <field eval="1" name="perm_write"/>
            <field eval="1" name="perm_create"/>
            <field name="group_id" ref="base.group_system"/>
        </record>
    </data>
    <data>
        <record id="ir_model_access_currencyrateupdate3" model="ir.model.access">
            <field name="model_id" ref="currency_rate_update.model_currency_rate_update_service"/>
            <field eval="1" name="perm_read"/>
            <field eval="&quot;&quot;&quot;Currency Rate Update&quot;&quot;&quot;" name="name"/>
            <field eval="1" name="perm_unlink"/>
            <field eval="1" name="perm_write"/>
            <field eval="1" name="perm_create"/>
            <field name="group_id" ref="account.group_account_manager"/>
        </record>
    </data>
    <data>
        <record id="ir_model_access_currencyrateupdate4" model="ir.model.access">
            <field name="model_id" ref="currency_rate_update.model_currency_rate_update_service"/>
            <field eval="1" name="perm_read"/>
            <field eval="&quot;&quot;&quot;Currency Rate Update&quot;&quot;&quot;" name="name"/>
            <field eval="0" name="perm_unlink"/>
            <field eval="0" name="perm_write"/>
            <field eval="0" name="perm_create"/>
        </record>
    </data>
    <data>
        <record id="ir_model_access_currencyrateupdate5" model="ir.model.access">
            <field name="model_id" ref="currency_rate_update.model_currency_rate_update_service"/>
            <field eval="1" name="perm_read"/>
            <field eval="&quot;&quot;&quot;Currency Rate Update&quot;&quot;&quot;" name="name"/>
            <field eval="1" name="perm_unlink"/>
            <field eval="1" name="perm_write"/>
            <field eval="1" name="perm_create"/>
            <field name="group_id" ref="base.group_system"/>
        </record>
    </data>
</openerp>
