id,name,model_id:id,group_id:id,perm_read,perm_write,perm_create,perm_unlink
access_medical_pathology_assistant,medical.pathology_assistant,model_medical_pathology,medical.group_medical_assistant,1,1,1,0
access_medical_pathology_category_assistant,medical.pathology_category_assistant,model_medical_pathology_category,medical.group_medical_assistant,1,1,1,0
access_medical_pathology_user,medical.pathology_user,model_medical_pathology,medical.group_medical_user,1,0,0,0
access_medical_pathology_category_user,medical.pathology_category_user,model_medical_pathology_category,medical.group_medical_user,1,0,0,0
access_medical_pathology_code_type_assistant,medical.pathology_code_type_assistant,model_medical_pathology_code_type,medical.group_medical_assistant,1,1,1,0
access_medical_pathology_code_type_user,medical.pathology_code_type_user,model_medical_pathology_code_type,medical.group_medical_user,1,0,0,0
