<?xml version="1.0"?>
<openerp>
    <data>
        <record model="ir.ui.view" id="view_oauth_provider_form">
            <field name="name">auth.oauth.provider.form</field>
            <field name="model">auth.oauth.provider</field>
            <field name="inherit_id" ref="auth_oauth.view_oauth_provider_form"/>
            <field name="arch" type="xml">
                <xpath expr="//sheet" position="inside">
                    <group>
                        <field name="local_host"/>
                        <field name="local_port"/>
                    </group>
                </xpath>
            </field>
        </record>
    </data>
</openerp>
