<?xml version="1.0" encoding="utf-8"?>
<openerp>
<data>
    <template id="cookiebanner" name="cookiebanner" inherit_id="website.assets_frontend">
        <xpath expr="." position="inside">
        <script type="text/javascript"
            src="/website_cookie_notice/static/src/js/js.cookie.js"></script>
        <script type="text/javascript"
            src="/website_cookie_notice/static/src/js/jquery.cookiecuttr.js"></script>
        <link rel="stylesheet" href="/website_cookie_notice/static/src/css/cookiecuttr.css"/>
        <script type="text/javascript"
            src="/website_cookie_notice/static/src/js/load_cookiecuttr.js"></script>
        </xpath>
    </template>
</data>
</openerp>
