<?xml version="1.0"?>
<odoo>
    <record id="demo_reason_1" model="pos.cancelled_reason">
        <field name="name">Over-salted</field>
    </record>
    <record id="demo_reason_2" model="pos.cancelled_reason">
        <field name="name">Wrong Temperature</field>
    </record>
    <record id="demo_reason_3" model="pos.cancelled_reason">
        <field name="name">Burned</field>
    </record>
    <record id="demo_reason_4" model="pos.cancelled_reason">
        <field name="name">Foreign object</field>
    </record>
    <record id="demo_reason_5" model="pos.cancelled_reason">
        <field name="name">Inappropriate roasting degree</field>
    </record>
    <record id="demo_reason_6" model="pos.cancelled_reason">
        <field name="name">Special requests are ignored</field>
    </record>
</odoo>
