<?xml version="1.0"?>
<odoo>
    <data>
        <record id="pos_multi_session.demo_multi_session" model="pos.multi_session">
            <field name="floor_ids" eval="[(6,0,[ref('pos_restaurant.floor_main')])]"/>
        </record>

        <record id="pos_multi_session.demo_multi_pos_config_three" model="pos.config">
            <field name="floor_ids" eval="[(6,0,[ref('pos_restaurant.floor_patio')])]"/>
        </record>

        <record id="point_of_sale.pos_config_main" model="pos.config">
            <field name="multi_session_id" ref="pos_multi_session.demo_multi_session"/>
        </record>
    </data>
</odoo>

