    <record model="ir.ui.view" id="{{model}}_list">
        <field name="name">{{app}}.{{model}} list</field>
        <field name="model">{{app}}.{{model}}</field>
        <field name="arch" type="xml">
            <tree>
                <field name=""/>
                <field name=""/>
            </tree>
        </field>
    </record>

    <record model="ir.ui.view" id="{{model}}_form">
        <field name="name">{{app}}.{{model}} form</field>
        <field name="model">{{app}}.{{model}}</field>
        <field name="arch" type="xml">
            <form>
                <sheet>
                    <group>
                        <group string="Info">
                            <field name="name"/>
                            <field name=""/>
                        </group>
                        <group string="Data">
                            <field name=""/>
                            <field name=""/>
                        </group>
                    </group>
                </sheet>
                <div class="oe_chatter">
                    <field name="message_follower_ids" widget="mail_followers" groups="base.group_user"/>
                    <field name="message_ids" widget="mail_thread"/>
                </div>
            </form>
        </field>
    </record>

    <record model="ir.actions.act_window" id="{{model}}_action">
        <field name="name">{{model_name|capitalize}}</field>
        <field name="res_model">{{app}}.{{model}}</field>
        <field name="view_mode">tree,form</field>
    </record>


    <menuitem name="{{model|capitalize}}" parent="main_menu"
              action="{{model_name}}_action" id="{{model}}_menu"/>


    <record id="{{model}}_search" model="ir.ui.view">
        <field name="name">{{app}}.{{model}}.search</field>
        <field name="model">{{app}}.{{model}}</field>
        <field name="arch" type="xml">
            <search>
                <group string="Filter by">
                    <filter string="" domain="[('','=','')]"/>
                </group>
                <group string="Group By">
                    <filter string="" name="by_result" domain="[]"
                            context="{'group_by': ''}"/>
                </group>
            </search>
        </field>
    </record>

