<?xml version="1.0" encoding="UTF-8"?>
<templates id="template" xml:space="preserve">

    <t t-name="ConfirmCancellationPopupWidget">
        <div class="modal-dialog">
            <div class="popup popup-confirm-cancellation">
                <p class="title"><t t-esc=" widget.options.title || '' " /></p>
                <t t-if="widget.pos.config.allow_custom_reason">
                    <textarea rows="1" cols="44" placeholder="Reason"></textarea>
                </t>
                <t t-if="!widget.pos.config.allow_custom_reason">
                    <textarea rows="1" cols="44" placeholder="Reason" style="display:none;"></textarea>
                </t>
                <div class="cancelled-reason">
                    <ul>
                        <t t-if="widget.buttons">
                            <t t-foreach="widget.buttons" t-as="buttons">
                                <span class="reason-row">
                                    <t t-foreach="buttons" t-as="button">
                                        <t t-if="!button.other">
                                            <li class="reason-col"><div t-attf-data-id="{{button.id}}" class="reason-button"><t t-esc="button.name"/></div></li>
                                        </t>
                                        <t t-if="button.other">
                                            <li class="reason-col other"><div data-id="other" class="reason-button other-reason">Other</div></li>
                                        </t>
                                    </t>
                                </span>
                            </t>
                            <div class="break"></div>
                        </t>
                    </ul>
                </div>
                <div class="footer centered">
                <t t-if="widget.pos.config.allow_custom_reason">
                    <div class="button cancel">
                        Cancel
                    </div>
                </t>
                    <div class="button confirm">
                        Ok
                    </div>
                </div>
            </div>
        </div>
    </t>

    <t t-name="CancellationReason">
        <tr class='reason-line' t-attf-data-id='{{reason.id}}'>
            <td><t t-esc='reason.name' /></td>
        </tr>
    </t>

    <t t-name="ReasonCancellationScreenWidget">
        <div class="reasonlist-screen screen">
            <div class="screen-content">
                <section class="top-content">
                    <span class='button back reason-back'>
                        <i class='fa fa-angle-double-left'></i>
                        Cancel
                    </span>
                    <span class='reason-next button next oe_hidden highlight'>
                        Apply
                        <i class='fa fa-angle-double-right'></i>
                    </span>
                </section>
                <section class="full-content">
                    <div class='window'>
                        <section class='subwindow'>
                            <div class='subwindow-container'>
                                <div class='subwindow-container-fix touch-scrollable scrollable-y'>
                                    <table class='reason-list'>
                                        <thead>
                                            <tr>
                                                <th>Name</th>
                                            </tr>
                                        </thead>
                                        <tbody class='reason-list-contents'>
                                        </tbody>
                                    </table>
                                </div>
                            </div>
                        </section>
                    </div>
                </section>
            </div>
        </div>
    </t>

</templates>
