<?xml version="1.0"?>
<openerp>
    <data>
        <!--
        <template id="res_partner_mails_count_assets_backend"
                  inherit_id="web.assets_backend">
            <xpath expr="." position="inside">
                <script src="/res_partner_mails_count/static/src/js/res_partner_mails_count_tour.js"
                        type="text/javascript"></script>
            </xpath>
        </template>
        -->
        <record id="view_res_partner_mails_count_info_form" model="ir.ui.view">
            <field name="name">res.partner.mails.count</field>
            <field name="model">res.partner</field>
            <field name="inherit_id" ref="base.view_partner_form"/>
            <field name="priority" eval="50"/>
            <field name="arch" type="xml">
                <div name="button_box" position="inside">
                    <button class="oe_stat_button mails_to" type="action"
                        name="%(action_mails)d"
                        context="{'search_default_partner_ids': [active_id], 'default_model': 'res.partner', 'default_res_id': active_id}"
                        icon="fa-envelope">
                        <field string="Mails to" name="mails_to" widget="statinfo"/>
                    </button>
                    <button class="oe_stat_button mails_from" type="action"
                        name="%(action_mails)d"
                        context="{'search_default_author_id': active_id, 'default_model': 'res.partner', 'default_res_id': active_id}"
                        icon="fa-envelope-o">
                        <field  string="Mails from" name="mails_from" widget="statinfo"/>
                    </button>
                </div>
            </field>
        </record>
        <record id="res_partner_mails_count_tutorial" model="ir.actions.act_url">
            <field name="name">res_partner_mails_count Tutorial</field>
            <field name="url" eval="'/web?res_partner_mails_count=tutorial#id='+str(ref('base.partner_root'))+'&amp;view_type=form&amp;model=res.partner&amp;/#tutorial_extra.mails_count_tour=true'"/>
            <field name="target">self</field>
        </record>
    </data>
    <data noupdate="1">
        <record id="base.open_menu" model="ir.actions.todo">
            <field name="action_id" ref="res_partner_mails_count_tutorial"/>
            <field name="state">open</field>
            <field name="sequence">500</field>
            <field name="type">automatic</field>
        </record>
    </data>
</openerp>
