<?xml version="1.0" encoding="utf-8"?>
<openerp>
<data>
<template id="fency_report_deliveryslip_document">
<t t-if="o and 'company_id' in o">
                <t t-set="company" t-value="o.company_id"></t>
            </t>
            <t t-if="not o or not 'company_id' in o">
                <t t-set="company" t-value="res_company"></t>
            </t>
            <div class="header">
                <div class="row">
                    
                <div class="col-xs-8  ">
                        <img t-if="company.logo" t-att-src="'data:image/png;base64,%s' % company.logo"
                            style="max-height: 85px;" />
                    </div>
                    <div class="col-xs-4" style="font:15px lucida-console,sans-serif !important;" >
                        <span style="color:#3498DB; !important;"  t-field="company.partner_id" /><br/>
                        <span  t-field="company.partner_id.street" /><br/>
                        <span  t-field="company.partner_id.street2" /><br/>
                        <span  t-field="company.partner_id.city" /><br/>
                        <span  t-field="company.partner_id.country_id" /><br/>
<span  t-field="company.partner_id.vat" /><br/>
</div>
</div>
            </div>

<t t-call="report.external_layout">
        <t t-set="o" t-value="o.with_context({'lang':o.partner_id.lang})"/>
        <div class="page">
           <div class="oe_structure"/>
                <div class="row">
                <div class="col-xs-6" style="font:15px lucida-console,sans-serif !important;" >
                        <span style="background-color:#3498DB;">Customer Address</span><br/>
                        <span t-field="o.partner_id" /><br/>
                        <span  t-field="o.partner_id.street" /><br/>
                        <span t-field="o.partner_id.street2" /><br/>
                        <span  t-field="o.partner_id.city" /><br/>
                        <span  t-field="o.partner_id.country_id" /><br/>
			<span  t-field="o.partner_id.vat" /><br/>
</div>

    <div class="col-xs-6 text-right" style="font:15px lucida-console,sans-serif !important;  " >
             <span style="background-color:#3498DB;">Delivery Address</span>
             <div t-if="o.move_lines and o.move_lines[0].partner_id and o.move_lines[0].partner_id.id != o.partner_id.id">
                                <div>
                                    <div t-field="o.move_lines[0].partner_id"
                                        t-field-options='{"widget": "contact", "fields": ["address", "name", "phone", "fax"], "no_marker": true}'/>
<div t-field="o.partner_id.vat"/>
                                </div>
                            </div>
                            <div t-if="(o.move_lines and o.move_lines[0].partner_id and o.move_lines[0].partner_id.id == o.partner_id.id) or o.move_lines and not o.move_lines[0].partner_id">
                                <div t-field="o.partner_id"
                                   t-field-options='{"widget": "contact", "fields": ["address", "name", "phone", "fax"], "no_marker": true}'/>
<div t-field="o.partner_id.vat"/>
                            </div>
            </div>
            </div>
            <div class="row">
                <div class="col-xs-4" style="font:15px lucida-console,sans-serif !important;" >
</div>

    <div class="col-xs-8" style="font:15px lucida-console,sans-serif !important; background-color:  #3498DB;  " >
             <h2><span><font color="#fff">Delivery Note # </font><span style="color:#FFF !important;" t-field="o.name"/></span><br/></h2>
             <div>
             <div class="col-xs-5">
                <div><font color="#fff">Origin: </font></div>
                    <div style="color:#FFF !important;" t-field="o.picking_type_id"/>
                 </div>
                 <div class="col-xs-4">
                    <div>
                        <div><font color="#fff">Scheduled Date:</font></div>
                        <div style="color:#FFF !important;" t-field="o.min_date"/>
                    </div>
                    </div>
             </div>
             
            </div>
            </div>
            <br/>
            
            <table class="table table-condensed table table-striped" style="padding-top=50px; padding-bottom=50px;" t-if="not o.pack_operation_ids">
                        <thead  >
                            <tr>
                                <th><font color="#fff"><strong>Product</strong></font></th>
                                <th><font color="#fff"><strong>Status</strong></font></th>
                                <th><font color="#fff"><strong>Location</strong></font></th>
                                <th class="text-right"><font color="#fff"><strong>Quantity</strong></font></th>
                            </tr>
                        </thead>
                        <tbody>
                            <tr t-foreach="o.move_lines" t-as="move">
                                <td><span t-field="move.product_id"/></td>
                                <td><span t-field="move.state"/></td>
                                <td><span t-field="move.location_id"/></td>
                                <td class="text-right">
                                    <span t-field="move.product_uom_qty"/>
                                    <span t-field="move.product_uom"/>
                                </td>
                            </tr>
                        </tbody>
                    </table>
                    <table class="table table-condensed table table-striped" style="padding-top=50px;" t-if="o.pack_operation_ids">
                        <t t-set="has_serial_number" t-value="o.pack_operation_ids.filtered('pack_lot_ids')" groups="stock.group_production_lot"/>
                        <thead  style=" background-color: #3498DB;">
                            <tr>
                                <th><font color="#fff"><strong>Product</strong></font></th>
                                <th t-if="has_serial_number"><font color="#fff"><strong>Serial Number</strong></font></th>
                                <th><font color="#fff"><strong>Status</strong></font></th>
                                <th><font color="#fff"><strong>Location</strong></font></th>
                                <th class="text-right"><font color="#fff"><strong>Quantity</strong></font></th>
                            </tr>
                        </thead>
                        <tbody>
                            <tr t-foreach="o.pack_operation_ids" t-as="pack_operation">
                                <td>
                                    <span t-field="pack_operation.product_id"/>
                                    <t t-if="not pack_operation.product_id and pack_operation.package_id">
                                        <span  t-field="pack_operation.package_id"/>
                                    </t>
                                </td>
                                <t t-if="has_serial_number">
                                    <td t-if="pack_operation.pack_lot_ids">
                                        <table class="table table-condensed" t-if="pack_operation.pack_lot_ids">
                                            <thead>
                                                <tr><th>Lot</th><th>Qty</th></tr>
                                            </thead>
                                            <tr t-foreach="pack_operation.pack_lot_ids" t-as="packlot">
                                                <td>
                                                    <span t-field="packlot.lot_id"/>
                                                    <t t-if="not packlot.lot_id">
                                                        <span t-field="packlot.lot_name"/>
                                                    </t>
                                                </td>
                                                <td>
                                                    <span t-field="packlot.qty"/> <t t-if="o.picking_type_id.use_existing_lots and o.state!='done'"> / <span t-field="packlot.qty_todo"/></t>
                                                </td>
                                            </tr>
                                        </table>
                                    </td>
                                    <td t-if="not pack_operation.pack_lot_ids"/>
                                </t>
                                <td>
                                    <span t-field="pack_operation.picking_id.move_lines[pack_operation_index].state"/>
                                </td>
                                <td>
                                    <span t-field="pack_operation.location_id"/>
                                    <span t-if="pack_operation.package_id">:</span>
                                    <span t-field="pack_operation.package_id"/>
                                </td>
                                <td class="text-right">
                                    <span t-field="pack_operation.product_qty"/>
                                    <span t-field="pack_operation.product_uom_id"/>
                                </td>
                            </tr>
                        </tbody>
                    </table>
                </div>

    </t>
</template>


<template id="report_deliveryslip"  inherit_id="stock.report_deliveryslip">
<xpath  expr="//t[@t-call='stock.report_delivery_document']" position='replace'>

    <t t-call="report.html_container">
        <t t-foreach="docs" t-as="o">
            <t t-if="o.company_id.stock_template == 'fency'">
                <t t-call="bi_professional_reports_templates.fency_report_deliveryslip_document" t-lang="o.partner_id.lang"/>
            </t>
            <t t-if="not o.company_id.stock_template">
                <t t-call="stock.report_delivery_document" t-lang="o.partner_id.lang"/>
            </t>
        </t>
    </t>
</xpath>
</template>
</data>
</openerp>
