<?xml version="1.0" encoding="utf-8"?>
<openerp>
    <data>
        <record id="gantt8_edit_project" model="ir.ui.view">
            <field name="name">gantt8.project.project.form</field>
            <field name="model">project.project</field>
            <field name="inherit_id" ref="project.edit_project"/>
            <field name="arch" type="xml">
                <xpath expr="//group[@name='misc']" position="before">
                    <group string="Gantt View">
                        <field name="date_start"/>
                        <field name="date"/>
                    </group>
                </xpath>
            </field>
        </record>
        <record id="project.act_project_project_2_project_task_all" model="ir.actions.act_window">
            <field name="view_mode">kanban,tree,form,calendar,pivot,graph,gantt8</field>
        </record>
        <record id="view_project_project_gantt" model="ir.ui.view">
            <field name="name">project.project.gantt</field>
            <field name="model">project.project</field>
            <field name="type">gantt8</field>
            <field name="arch" type="xml">
                <gantt8 date_start="date_start" date_stop="date" string="Projects">
                </gantt8>
            </field>
        </record>
        <record id="project.open_view_project_all" model="ir.actions.act_window">
            <field name="view_mode">kanban,tree,form,gantt8</field>
        </record>
        <record id="gantt8_view_task_form2" model="ir.ui.view">
            <field name="name">project.task.form</field>
            <field name="model">project.task</field>
            <field name="type">gantt8</field>
            <field name="inherit_id" ref="project.view_task_form2"/>
            <field eval="2" name="priority"/>
            <field name="arch" type="xml">
                <xpath expr="//notebook/page[2]/group" position="inside">
                    <group string="Gantt View">
                        <field name="date_start"/>
                        <field name="date_end"/>
                    </group>
                </xpath>
            </field>
        </record>
        <record id="view_task_gantt" model="ir.ui.view">
            <field name="name">project.task.gantt</field>
            <field name="model">project.task</field>
            <field name="type">gantt8</field>
            <field eval="2" name="priority"/>
            <field name="arch" type="xml">
                <gantt8 date_start="date_start" date_stop="date_end" string="Tasks" default_group_by="project_id">
                </gantt8>
            </field>
        </record>
        <record id="project.action_view_task" model="ir.actions.act_window">
            <field name="view_mode">kanban,tree,form,calendar,pivot,graph,gantt8</field>
        </record>
        <record id="project.dblc_proj" model="ir.actions.act_window">
            <field name="view_mode">tree,form,calendar,graph,kanban,gantt8</field>
        </record>
        <act_window context="{'search_default_user_id': [active_id], 'default_user_id': active_id}"
                    id="act_res_users_2_project_task_opened" name="Assigned Tasks"
                    res_model="project.task" src_model="res.users" view_mode="tree,form,calendar,graph,gantt8" view_type="form"/>
    </data>
</openerp>
