<?xml version="1.0" encoding="utf-8"?>
<openerp>
<data>
    <record id="hr_department_public" model="ir.rule">
        <field name="name">hr_department: Public</field>
        <field name="model_id" ref="hr.model_hr_department"/>
        <field name="domain_force">[('website_published', '=', True)]</field>
        <field name="groups" eval="[(4, ref('base.group_public'))]"/>
        <field name="perm_read" eval="True"/>
        <field name="perm_write" eval="False"/>
        <field name="perm_create" eval="False"/>
        <field name="perm_unlink" eval="False"/>
    </record>
</data>
</openerp>
