<?xml version="1.0"?>
<openerp>
    <data>
        <record id="product_template_form_view" model="ir.ui.view">
            <field name="name">product.template.form.inherit.pos_category_ids</field>
            <field name="model">product.template</field>
            <field name="inherit_id" ref="point_of_sale.product_template_form_view"/>
            <field name="arch" type="xml">
                <field name="pos_categ_id" position="replace">
                    <field name="pos_category_ids"
                           widget="many2many_tags"
                           attrs="{'invisible': [('available_in_pos', '=', False)]}"
                           help="These categories are shared across all Product Variants"/>
                </field>
            </field>
        </record>
    </data>
</openerp>
