<?xml version="1.0" encoding="utf-8"?>
<odoo>
    <data>
        <record id="demo_multi_session" model="pos.multi_session">
            <field name="name">multi session demo</field>
        </record>
        <record id="demo_multi_pos_config_one" model="pos.config">
            <field name="name">POS1</field>
            <field name="multi_session_id" ref="demo_multi_session"/>
        </record>
        <record id="demo_multi_pos_config_two" model="pos.config">
            <field name="name">POS2</field>
            <field name="multi_session_id" ref="demo_multi_session"/>
        </record>
        <record id="demo_multi_pos_config_three" model="pos.config">
            <field name="name">POS3</field>
        </record>
        <record id="point_of_sale.pos_config_main" model="pos.config">
            <field name="multi_session_id" ref="demo_multi_session"/>
        </record>

        <record id="partner_demo2" model="res.partner">
            <field name="name">Demo User2</field>
            <field name="company_id" ref="base.main_company"/>
            <field name="customer" eval="False"/>
            <field name="email">demo2@yourcompany.example.com</field>
            <field name="street">Avenue des Dessus-de-Lives2, 2</field>
            <field name="city">Namur (Loyers)2</field>
            <field name="zip">5102</field>
        </record>
        <record id="user_demo2" model="res.users">
            <field name="partner_id" ref="partner_demo2"/>
            <field name="login">demo2</field>
            <field name="password">demo2</field>
            <field name="signature">--Mr Demo2</field>
            <field name="company_id" ref="base.main_company"/>
            <field name="groups_id" eval="[(6,0,[ref('base.group_user'), ref('base.group_partner_manager'), ref('point_of_sale.group_pos_user')])]"/>
            <field name="image" type="base64" file="base/static/img/user_demo-image.jpg"/>
            <field name="pos_security_pin">0410100000013</field>
        </record>
        <record id="base.user_demo" model="res.users">
            <field name="groups_id" eval="[(4,ref('point_of_sale.group_pos_user'))]"/>
        </record>

    </data>
</odoo>
