<?xml version="1.0" encoding="UTF-8"?>
<openerp>
    <data noupdate="1">
        <record id="ir_cron_update_ribbons" model="ir.cron">
            <field name="name">Delete expired databases</field>
            <field name="user_id" ref="base.user_root"/>
            <field name="interval_number">1</field>
            <field name="interval_type">hours</field>
            <field name="numbercall">-1</field>
            <field eval="False" name="doall"/>
            <field eval="'saas_server.client'" name="model"/>
            <field eval="'delete_expired_databases'" name="function"/>
            <field eval="'()'" name="args"/>
        </record>
    </data>
</openerp>
