id,name,model_id:id,group_id:id,perm_read,perm_write,perm_create,perm_unlink
assistant_medical_practitioner,assistant_medical_practitioner,model_medical_practitioner,medical.group_medical_assistant,1,1,1,0
center_manager_medical_practitioner,center_manager_medical_practitioner,model_medical_practitioner,medical.group_medical_center_manager,1,0,0,0
doctor_medical_practitioner,doctor_medical_practitioner,model_medical_practitioner,medical.group_medical_doctor,1,1,1,0
user_medical_practitioner,user_medical_practitioner,model_medical_practitioner,medical.group_medical_user,1,1,1,0
assistant_medical_role,assistant_medical_role,model_medical_role,medical.group_medical_assistant,1,1,1,0
center_manager_medical_role,center_manager_medical_role,model_medical_role,medical.group_medical_center_manager,1,0,0,0
doctor_medical_role,doctor_medical_role,model_medical_role,medical.group_medical_doctor,1,1,1,0
user_medical_role,user_medical_role,model_medical_role,medical.group_medical_user,1,1,1,0
medical_specialty_access_assistant,Medical Specialty - Assistant Access,model_medical_specialty,medical.group_medical_assistant,1,1,1,0
medical_specialty_access_center_manager,Medical Specialty - Center Manager Access,model_medical_specialty,medical.group_medical_center_manager,1,0,0,0
medical_specialty_access_doctor,Medical Specialty - Doctor Access,model_medical_specialty,medical.group_medical_doctor,1,1,1,0
medical_specialty_access_user,Medical Specialty - User Access,model_medical_specialty,medical.group_medical_user,1,1,1,0
