<?xml version="1.0" encoding="utf-8"?>
<openerp><data>

    <record model="ir.ui.view" id="asterisk_context_list">
        <field name="name">asterisk extensions conf</field>
        <field name="model">asterisk.conf.extensions</field>
        <field name="arch" type="xml">
            <tree>
                <field name="category" string="Context"/>
            </tree>
        </field>
    </record>

    <record model="ir.ui.view" id="exensions_conf_form">
        <field name="name">asterisk extensions form</field>
        <field name="model">asterisk.conf.extensions</field>
        <field name="arch" type="xml">
            <form>
                <sheet>
                    <div class="oe_title">
                        <label for="category" string="context" class="oe_read_only"/>
                        <h1><field name="category"/></h1>
                    </div>
                    <group>
                        <field name="items" context="{'default_context': category}"
                                string="Extensions">
                            <tree>
                                <field name="exten"/>
                                <field name="priority"/>
                                <field name="app"/>
                                <field name="appdata"/>
                            </tree>
                        </field>
                    </group>
                </sheet>
            </form>
        </field>
    </record>

    <record model="ir.ui.view" id="context_form">
        <field name="name">asterisk context form</field>
        <field name="model">asterisk.context</field>
        <field name="arch" type="xml">
            <form>
                <sheet>
                    <group>
                        <field name="context" invisible="1"/>
                        <field name="exten"/>
                        <field name="priority"/>
                        <field name="app"/>
                        <field name="appdata"/>
                    </group>
                </sheet>
            </form>
        </field>
    </record>

    <record model="ir.actions.act_window" id="asterisk_context_action">
        <field name="name">Asterisk Context</field>
        <field name="res_model">asterisk.conf.extensions</field>
        <field name="view_mode">tree,form</field>
    </record>

    <menuitem name="Contexts" parent="pbx_settings_menu" sequence="10"
              action="asterisk_context_action" id="asterisk_context_menu"/>

    <record id="context_access_search" model="ir.ui.view">
        <field name="name">asterisk.context.search</field>
        <field name="model">asterisk.context</field>
        <field name="arch" type="xml">
            <search>
                <field name="context"/>
                <field name="exten"/>
                <field name="app"/>
                <field name="appdata"/>
                <filter string="Context" name="by_context" domain="[]"
                        context="{'group_by': 'context'}"/>
                <filter string="Exten" name="by_exten" domain="[]"
                        context="{'group_by': 'exten'}"/>
                <filter string="Priority" name="by_context" domain="[]"
                        context="{'group_by': 'priority'}"/>
            </search>
        </field>
    </record>


</data></openerp>
