<?xml version="1.0" encoding="utf-8"?>
<openerp>
    <data>
        <template id="assets_backend" name="web_calendar_quick_navigation assets" inherit_id="web.assets_backend">
            <xpath expr="." position="inside">
                <script type="text/javascript" src="/web_calendar_quick_navigation/static/src/js/web_calendar_quick_navigation.js"></script>
                <link rel='stylesheet' href='/web_calendar_quick_navigation/static/src/css/web_calendar_quick_navigation.css'/>
            </xpath>
        </template>
    </data>
</openerp>
