<?xml version="1.0" encoding="UTF-8"?>
<templates id="template" xml:space="preserve">
    <t t-extend="PosWidget" >
        <t t-jquery=".pos-leftpane>.window>.subwindow:first" t-operation="after">
            <div class='subwindow collapsed'>
                <div class='subwindow-container'>
                    <div class='subwindow-container-fix'>
                        <div class="placeholder-WebsiteOrderWidget"></div>
                    </div>
                </div>
            </div>
        </t>
    </t>
    <t t-name="WebsiteOrderWidget">
        <div class="website_order oe_hidden">
            <button></button>
        </div>
    </t>

</templates>
