<?xml version="1.0" encoding="utf-8"?>
<openerp>
    <data>
        <record id="view_order_overlap_in_lines_form" model="ir.ui.view">
            <field name="name">sale.order.overlap.lines.form</field>
            <field name="model">sale.order</field>
            <field name="inherit_id" ref="sale.view_order_form"/>
            <field name="arch" type="xml">
                <xpath expr="//field[@name='order_line']/tree" position="inside">
                    <field name="overlap" invisible="1"/>
                </xpath>
                <xpath expr="//field[@name='order_line']/tree" position="attributes">
                    <attribute name="colors">red:overlap</attribute>
                </xpath>
            </field>
        </record>

        <template id="assets_backend" name="custom booking calendar assets" inherit_id="web.assets_backend">
            <xpath expr="." position="inside">
                <script type="text/javascript" src="/booking_calendar/static/src/js/booking_calendar.js"></script>
                <link rel='stylesheet' href='/booking_calendar/static/src/css/booking_calendar.css'/>
            </xpath>
        </template>
        <template id="assests_fullcalendar" name="fullcalendar replacement" inherit_id="web_calendar.assets_backend">
            <xpath expr="//script[@src='/web_calendar/static/lib/fullcalendar/js/fullcalendar.js']" position="replace">
                <script type="text/javascript" src="/booking_calendar/static/lib/js/fullcalendar.1.6.7.js"></script>
            </xpath>
        </template>
        
        <record id="view_order_form" model="ir.ui.view">
            <field name="name">sale.order.form</field>
            <field name="model">sale.order</field>
            <field name="inherit_id" ref="sale.view_order_form"/>
            <field name="arch" type="xml">
                <xpath expr="//field[@name='order_line']/tree" position="inside">
                    <field name="resource_id" invisible="1"/>
                </xpath>
            </field>
        </record>

        <record id="resource_resource_form" model="ir.ui.view">
            <field name="model">resource.resource</field>
            <field name="inherit_id" ref="resource.resource_resource_form" />
            <field name="arch" type="xml">
                <xpath expr="//form/group" position="inside">
                    <group>
                       <field name="to_calendar" icon="calendar"/>
                       <field name="color" widget="color"/>
                    </group>
                </xpath>
                <xpath expr="//field[@name='calendar_id']" position="after">
                    <field name="has_slot_calendar"/>
                </xpath>
            </field>
        </record>

        <record id="product_template_form_view" model="ir.ui.view">
            <field name="name">product.template.common.form</field>
            <field name="model">product.template</field>
            <field name="inherit_id" ref="product.product_template_form_view"/>
            <field name="arch" type="xml">
                <xpath expr="//field[@name='description_sale']" position="after">
                    <group>
                        <field name="calendar_id"/>
                        <field name="holidays_country_id"/>
                        <field name="work_on_holidays" attrs="{'invisible': [('holidays_country_id', '=', False)]}"/>
                        <field name="holidays_schedule" attrs="{'invisible': [('work_on_holidays', '=', False)]}"/>
                    </group>
                </xpath>
            </field>
        </record>


        <record model="ir.ui.view" id="view_booking_order_line_tree">
            <field name="name">sale.order.line.tree</field>
            <field name="model">sale.order.line</field>
            <field name="arch" type="xml">
              <tree string="Booking Tree" colors="red:overlap">
                <field name="order_id"/>
                <field name="product_id"/>
                <field name="name"/>
                <field name="order_partner_id"/>
                <field name="booking_start"/>
                <field name="booking_end"/>
                <field name="price_unit"/>
                <field name="price_subtotal"/>
                <field name="state"/>
                <field name="overlap" invisible="1"/>
              </tree>
            </field>
        </record>

        <record model="ir.ui.view" id="view_booking_order_line_form">
            <field name="name">Booking slot</field>
            <field name="model">sale.order.line</field>
            <field name="arch" type="xml">
              <form string="Booking Form">
                <sheet>
                    <group>
                        <field name="partner_id" readonly="0" required="1"/>
                        <field name="project_id" domain="[('partner_id','=',partner_id)]" readonly="0" required="0"/>
                        <field name="order_id" domain="[('partner_id','=',partner_id)]" required="0"/>
                    </group>
                    <group>
                        <field name="product_id"/>
                        <field name="name"/>
                        <field name="resource_id"/>
                        <field name="booking_start"/>
                        <field name="booking_end"/>
                        <field name="price_unit"/>
                        <field name="price_subtotal" invisible="1"/>
                        <field name="product_uom_qty" />
                    </group>
                    <field name="state" widget="statusbar"/>
                </sheet>
                  </form>
            </field>
        </record>

        <record model="ir.ui.view" id="booking_search_view">
            <field name="name">booking.date.search</field>
            <field name="model">sale.order.line</field>
            <field name="arch" type="xml">
                <search>
                    <filter name="active_bookings" string="Active Bookings"
                        domain="[('state', '!=', False), ('booking_end', '&gt;=', time.strftime('%Y-%m-%d %H:%M:%S'))]"/>
                    <filter name="uninvoiced" icon="terp-dolar_ok!" string="Not invoiced" domain="[('invoiced','&lt;&gt;', 1)]" help="Sales Order Lines that haven't yet been invoiced"/>
                    <separator/>
                    <filter name="today" string="Today" domain="[('booking_start','&lt;=', datetime.datetime.combine(context_today(), datetime.time(23,59,59))), ('booking_start','&gt;=', datetime.datetime.combine(context_today(), datetime.time(0,0,0)))]" help="Bookings processed Today or planned for Today"/>
                    <filter name="yesterday" string="Yesterday" domain="[('booking_start','&lt;=', datetime.datetime.combine(context_today()-datetime.timedelta(1), datetime.time(23,59,59))), ('booking_start','&gt;=', datetime.datetime.combine(context_today()-datetime.timedelta(1), datetime.time(0,0,0)))]"/>
                    <filter name="tomorrow" string="Tomorrow" domain="[('booking_start','&lt;=', datetime.datetime.combine(context_today()+datetime.timedelta(1), datetime.time(23,59,59))), ('booking_start','&gt;=', datetime.datetime.combine(context_today()+datetime.timedelta(1), datetime.time(0,0,0)))]"/>
                    <filter name="current_month" string="Current month" domain="[('booking_start', '&gt;=', datetime.datetime.combine(context_today()+relativedelta(days=-context_today().day+1), datetime.time(00,00,00))), ('booking_start', '&lt;', datetime.datetime.combine(context_today()+relativedelta(days=-context_today().day+1, months=1), datetime.time(00,00,00)))]"/>
                    <filter name="last_month" string="Last month" domain="[('booking_start', '&gt;=', datetime.datetime.combine(context_today()+relativedelta(days=-context_today().day+1, months=-1), datetime.time(00,00,00))), ('booking_start', '&lt;', datetime.datetime.combine(context_today()+relativedelta(days=-context_today().day+1), datetime.time(00,00,00)))]"/>
                    <filter name="next_month" string="Next month" domain="[('booking_start', '&gt;=', datetime.datetime.combine(context_today()+relativedelta(days=-context_today().day+1, months=1), datetime.time(00,00,00))), ('booking_start', '&lt;', datetime.datetime.combine(context_today()+relativedelta(days=-context_today().day+1, months=2), datetime.time(00,00,00)))]"/>
                    <group expand="0" string="Group By">
                        <filter string="Booking Month" domain="[]" context="{'group_by':'booking_start'}"/>
                        <filter string="Booking Day" domain="[]" context="{'group_by':'booking_start:day'}"/>
                    </group>
                </search>
            </field>
        </record>

        <record id="view_sale_order_line_calendar" model="ir.ui.view">
            <field name="name">sale.order.line.calendar</field>
            <field name="model">sale.order.line</field>
            <field name="arch" type="xml">
                <calendar string="Booking Lines" date_start="booking_start" date_stop="booking_end" color="resource_id" event_open_popup="%(booking_calendar.view_booking_order_line_form)s" quick_add="0" quick_create_instance="web_calendar_repeat_form.QuickCreateRepeated" read_color="1" free_slots="1" mode="week">
                    <field name="resource_id"/>
                </calendar>
            </field>
        </record>

        <record model="ir.actions.act_window" id="booking_orders_lines_list_action">
          <field name="name">Booking Lines</field>
          <field name="res_model">sale.order.line</field>
          <field name="view_id" ref="view_booking_order_line_tree"/>
          <field name="view_mode">calendar,tree,form</field>
          <field name="search_view_id" ref="booking_search_view"/>
          <field name="context">{'search_default_active_bookings': True}</field>
        </record>

        <record model="ir.actions.act_window.view" id="booking_orders_lines_list_actiont_calendar">
            <field name="act_window_id" ref="booking_orders_lines_list_action"/>
            <field name="sequence" eval="1"/>
            <field name="view_mode">calendar</field>
            <field name="view_id" ref="view_sale_order_line_calendar"/>
        </record>
        <record model="ir.actions.act_window.view" id="booking_orders_lines_list_action_tree">
            <field name="act_window_id" ref="booking_orders_lines_list_action"/>
            <field name="sequence" eval="2"/>
            <field name="view_mode">tree</field>
            <field name="view_id" ref="view_booking_order_line_tree"/>
        </record>
        <record model="ir.actions.act_window.view" id="booking_orders_lines_list_action_form">
            <field name="act_window_id" ref="booking_orders_lines_list_action"/>
            <field name="sequence" eval="3"/>
            <field name="view_mode">form</field>
            <field name="view_id" ref="view_booking_order_line_form"/>
        </record>

        <menuitem action="booking_orders_lines_list_action" id="menu_sale_order_line" parent="base.menu_sales" sequence="6" groups="sales_team.group_sale_salesman,sales_team.group_sale_manager"/>

        <record id="view_order_line_booking_form" model="ir.ui.view">
            <field name="name">sale.order.line.form2.booking</field>
            <field name="model">sale.order.line</field>
            <field name="inherit_id" ref="sale.view_order_line_form2"/>
            <field name="arch" type="xml">
                <xpath expr="//group" position="inside">
                    <group name="booking">
                      <field name="booking_start"/>
                      <field name="booking_end"/>
                    </group>
                </xpath>
            </field>
        </record>
    </data>
</openerp>
