<?xml version="1.0" encoding="utf-8"?>
<openerp>
    <data>

                <template id="classic_report_saleorder_document">
                    <t t-if="o and 'company_id' in o">
                        <t t-set="company" t-value="o.company_id"></t>
                    </t>
                    <t t-if="not o or not 'company_id' in o">
                        <t t-set="company" t-value="res_company"></t>
                    </t>
                    <div class="header">
                        <div class="row">
                            <div class="col-xs-6">
                                <img t-if="company.logo" t-att-src="'data:image/png;base64,%s' % company.logo"
                                    style="max-height: 85px;" />
                            </div>
                            <div class="col-xs-6 text-right" style="font:15px lucida-console,sans-serif !important; background-color:#3498DB !important;" >
                                <span style="color:#fff !important;" t-field="company.partner_id" /><br/>
                                <span style="color:#fff !important;" t-field="company.partner_id.street" /><br/>
                                <span style="color:#fff !important;" t-field="company.partner_id.street2" /><br/>
                                <span style="color:#fff !important;" t-field="company.partner_id.city" /><br/>
                                <span style="color:#fff !important;" t-field="company.partner_id.country_id" /><br/>
<span style="color:#fff !important;" t-field="company.partner_id.vat" /><br/>
                            </div>
                        </div>
                    </div>

                <t t-call="report.external_layout">
                    <t t-set="doc" t-value="doc.with_context({'lang':doc.partner_id.lang})" />
                        <div class="page">
                            <div class="oe_structure"/>
                                <div class="row">
                                    <table class="table table-condensed table table-striped" style=" table-layout:fixed;" >
                                <thead style=" background-color: #3498DB;">
                                    <tr>
                                        <th width="30px" style="border: 1px !important; border-style: solid !important; border-color: #fff; color:#fff !important; ">Customer</th>
                                        <th width="30px" style="border: 1px !important; border-style: solid !important; border-color: #fff; color:#fff !important; ">Invoicing and shipping address</th>
                                        <th width="20px" style="border: 1px !important; border-style: solid !important; border-color: #fff; color:#fff !important; ">Quotation Date</th>
                                        <th width="20px" style="border: 1px !important; border-style: solid !important; border-color: #fff; color:#fff !important; ">Quotation #</th>
                                    </tr>
                               </thead>
                               <tbody class="sale_tbody">
                                        <tr>
                                            <td style="border: 1px !important; border-style: solid !important; border-color: #fff !important;">
                                               <div t-field="doc.partner_id"
                                            t-field-options='{"widget": "contact", "fields": ["address", "name", "phone", "fax"], "no_marker": true, "phone_icons": true}'/>
                                            <div t-field="doc.partner_id.vat"/>
                                            </td>
                                        <td style="border: 1px !important; border-style: solid !important; border-color: #fff !important;">
                                             <div t-field="doc.partner_invoice_id"
                                            t-field-options='{"widget": "contact", "fields": ["address", "name", "phone", "fax"], "no_marker": true, "phone_icons": true}'/>
                                         <div t-field="doc.partner_invoice_id.vat"/>
                                        </td>
                                        <td style="border: 1px !important; border-style: solid !important; border-color: #fff !important;">
                                        <span t-field="doc.date_order"/>
                                        </td>
                                        <td style="border: 1px !important; border-style: solid !important; border-color: #fff !important;">
                                        <strong><span t-field="doc.name"/></strong>
                                        </td>
                                        </tr>
                                       </tbody>
                            </table>

                            <!-- Is there a discount on at least one line? -->
                            <t t-set="display_discount" t-value="any([l.discount for l in doc.order_line])"/>

                            <table class="table table-condensed able table-striped">
                                <thead style=" background-color: #3498DB; color:#FFF !important;">
                                    <tr>
                                        <th>Description</th>
                                        <th class="text-right">Quantity</th>
                                        <th class="text-right">Unit Price</th>
                                        <th t-if="display_discount" class="text-right" groups="sale.group_discount_per_so_line">Disc.(%)</th>
                                        <th class="text-right">Taxes</th>
                                        <th class="text-right">Price</th>
                                    </tr>
                               </thead>
                               <tbody class="sale_tbody">
                                    <t t-foreach="doc.order_line" t-as="l">
                                        <tr t-if="l.product_uom_qty">
                                            <td>
                                               <span t-field="l.name"/>
                                            </td>
                                            <td class="text-right">
                                                <span t-field="l.product_uom_qty"/>
                                                <span groups="product.group_uom" t-field="l.product_uom"/>
                                            </td>
                                            <td class="text-right">
                                                <span t-field="l.price_unit"/>
                                            </td>
                                            <td t-if="display_discount" class="text-right" groups="sale.group_discount_per_so_line">
                                                <span t-field="l.discount"/>
                                            </td>
                                            <td class="text-right">
                                                <span t-esc="', '.join(map(lambda x: (x.description or x.name), l.tax_id))"/>
                                            </td>
                                            <td class="text-right">
                                                <span t-field="l.price_subtotal"
                                                    t-field-options='{"widget": "monetary", "display_currency": "doc.pricelist_id.currency_id"}'/>
                                            </td>
                                        </tr>
                                    </t>
                                </tbody>
                            </table>
</div>
                            <div class="row" name="total">
                                <div class="col-xs-4 pull-right">
                                    <table class="table table-condensed">
                                        <tr class="border-black">
                                            <td><strong>Total Without Taxes</strong></td>
                                            <td class="text-right">
                                                <span t-field="doc.amount_untaxed"
                                                    t-field-options='{"widget": "monetary", "display_currency": "doc.pricelist_id.currency_id"}'/>
                                            </td>
                                        </tr>
                                        <tr>
                                            <td>Taxes</td>
                                            <td class="text-right">
                                                <span t-field="doc.amount_tax"
                                                    t-field-options='{"widget": "monetary", "display_currency": "doc.pricelist_id.currency_id"}'/>
                                            </td>
                                        </tr>
                                        <tr style=" background-color: #3498DB; color:#fff !important;" class="border-black">
                                            <td ><strong>Total</strong></td>
                                            <td class="text-right">
                                                <span t-field="doc.amount_total"
                                                    t-field-options='{"widget": "monetary", "display_currency": "doc.pricelist_id.currency_id"}'/>
                                            </td>
                                        </tr>
                                    </table>
                                </div>
                            </div>

                            <div style=" background-color: #3498DB; color:#fff !important; font:15px lucida-console,sans-serif !important; ">
                            <p t-if="doc.note">
                            <strong><span>Note:</span> </strong> <span t-field="doc.note" />
                            </p>
                            </div>
                            <div style=" background-color: #3498DB; color:#fff !important; font:15px lucida-console,sans-serif !important;">                
                            <p t-if="doc.payment_term_id ">
                               <strong> <div name="payment_term">Payment Term :</div></strong><span t-field="doc.payment_term_id"/>
                            </p>
                            </div>
                            <div class="oe_structure"/>
                        </div>
                    </t>
                </template>


<template id="custom_report_saleorder" inherit_id="sale.report_saleorder">
  <xpath expr="//t[@t-call='report.html_container']" position="replace">
   <div name="payment_term">
</div>
    <t t-call="report.html_container">
        <t t-foreach="docs" t-as="doc">
            <t t-if="doc.company_id.sale_template == 'classic'">
                <t t-call="bi_professional_reports_templates.classic_report_saleorder_document" t-lang="doc.partner_id.lang"/>
            </t>
            <t t-if="doc.company_id.sale_template == 'fency'">
                <t t-call="bi_professional_reports_templates.fency_report_saleorder_document" t-lang="doc.partner_id.lang"/>
            </t>
            <t t-if="doc.company_id.sale_template == 'modern'">
                <t t-call="bi_professional_reports_templates.modern_report_saleorder_document" t-lang="doc.partner_id.lang"/>
            </t>
            <t t-if="doc.company_id.sale_template == 'odoo_standard'">
                <t t-call="bi_professional_reports_templates.odoo_std_report_saleorder_document" t-lang="doc.partner_id.lang"/>
            </t>
            <t t-if="not doc.company_id.sale_template">
                <t t-call="sale.report_saleorder_document" t-lang="doc.partner_id.lang"/>
            </t>
        </t>
    </t>
  </xpath>
</template>
</data>
</openerp>
