<?xml version="1.0" encoding="utf-8"?>
<openerp>
    <data>
        <template id="odoo_std_report_saleorder_document">
            <t t-if="o and 'company_id' in o">
                <t t-set="company" t-value="o.company_id"></t>
            </t>
            <t t-if="not o or not 'company_id' in o">
                <t t-set="company" t-value="res_company"></t>
            </t>
            <div class="header">
                <div class="row">
                    <div class="col-xs-6">
                        <img t-if="company.logo" t-att-src="'data:image/png;base64,%s' % company.logo"
                            style="max-height: 85px;" />
                    </div>
                    <div class="col-xs-6 text-right" style="font:15px lucida-console,sans-serif !important;">
                        <span  t-field="company.partner_id" /><br/>
                        <span t-field="company.partner_id.street" /><br/>
                        <span t-field="company.partner_id.street2" /><br/>
                        <span t-field="company.partner_id.city" /><br/>
                        <span  t-field="company.partner_id.country_id" /><br/>
 <span  t-field="company.partner_id.vat" /><br/>
                    </div>
                </div>
            </div>

<t t-call="report.external_layout">
    <t t-set="doc" t-value="doc.with_context({'lang':doc.partner_id.lang})" />
        <div class="page">
            <div class="oe_structure"/>
                <div class="row">
                <div style=" background-color:  #893b74;">
            <h2>
                <span ><font color="#fff">Order# </font></span>
                <font color="#fff"><span t-field="doc.name"/></font>
            </h2>

            <div class="row mt32 mb32">
                <div class="col-xs-3" >
                    <font color="#fff">
                    <strong>Your Reference:</strong>
                    <p t-field="doc.client_order_ref"/></font>
                </div>
                
                <div class="col-xs-3" t-if="doc.date_order">
                <font color="#fff">
                    <strong>Order Date:</strong>
                    <p t-field="doc.date_order"/></font>
                </div>
                
                
                <div class="col-xs-3" t-if="doc.payment_term_id">
                <font color="#fff">
                    <strong> Payment Term:</strong>
                    <p t-field="doc.payment_term_id"/></font>
                </div>
                
                <div class="col-xs-3" t-if="doc.user_id">
                    <font color="#fff">
                    <strong>SalesPerson:</strong>
                    <p t-field="doc.user_id"/></font>
                </div>
            </div>
</div>
<div>
    <strong>Invoicing And Shipping Address</strong>
        <div t-field="doc.partner_id" 
                            t-field-options='{"widget": "contact", "fields": ["address", "name", "phone", "fax"], "no_marker": true, "phone_icons": true}'/>
<div field="doc.partner_id.vat"/>

</div> 



            <!-- Is there a discount on at least one line? -->
            <t t-set="display_discount" t-value="any([l.discount for l in doc.order_line])"/>

            <table class="table table-condensed able table-striped">
                <thead style=" background-color: #893b74; color:#FFF !important;">
                    <tr>
                        <th>Description</th>
                        <th class="text-right">Quantity</th>
                        <th class="text-right">Unit Price</th>
                        <th t-if="display_discount" class="text-right" groups="sale.group_discount_per_so_line">Disc.(%)</th>
                        <th class="text-right">Taxes</th>
                        <th class="text-right">Price</th>
                    </tr>
               </thead>
               <tbody class="sale_tbody">
                    <t t-foreach="doc.order_line" t-as="l">
                        <tr t-if="l.product_uom_qty">
                            <td>
                               <span t-field="l.name"/>
                            </td>
                            <td class="text-right">
                                <span t-field="l.product_uom_qty"/>
                                <span groups="product.group_uom" t-field="l.product_uom"/>
                            </td>
                            <td class="text-right">
                                <span t-field="l.price_unit"/>
                            </td>
                            <td t-if="display_discount" class="text-right" groups="sale.group_discount_per_so_line">
                                <span t-field="l.discount"/>
                            </td>
                            <td class="text-right">
                                <span t-esc="', '.join(map(lambda x: (x.description or x.name), l.tax_id))"/>
                            </td>
                            <td class="text-right">
                                <span t-field="l.price_subtotal"
                                    t-field-options='{"widget": "monetary", "display_currency": "doc.pricelist_id.currency_id"}'/>
                            </td>
                        </tr>
                    </t>
                </tbody>
            </table>
            </div>

            <div class="row" name="total">
                <div class="col-xs-4 pull-right">
                    <table class="table table-condensed">
                        <tr class="border-black">
                            <td><strong>Total Without Taxes</strong></td>
                            <td class="text-right">
                                <span t-field="doc.amount_untaxed"
                                    t-field-options='{"widget": "monetary", "display_currency": "doc.pricelist_id.currency_id"}'/>
                            </td>
                        </tr>
                        <tr>
                            <td>Taxes</td>
                            <td class="text-right">
                                <span t-field="doc.amount_tax"
                                    t-field-options='{"widget": "monetary", "display_currency": "doc.pricelist_id.currency_id"}'/>
                            </td>
                        </tr>
                        <tr style=" background-color: #893b74; color:#fff !important;" class="border-black">
                            <td ><strong>Total</strong></td>
                            <td class="text-right">
                                <span t-field="doc.amount_total"
                                    t-field-options='{"widget": "monetary", "display_currency": "doc.pricelist_id.currency_id"}'/>
                            </td>
                        </tr>
                    </table>
                </div>
            </div>

            <div style=" background-color: #893b74; color:#fff !important; font:15px lucida-console,sans-serif !important; ">
            <p t-if="doc.note">
            <strong><span>Note:</span> </strong> <span t-field="doc.note" />
            </p>
            </div>
            <div style=" background-color: #893b74; color:#fff !important; font:15px lucida-console,sans-serif !important;">
            <p t-if="doc.payment_term_id ">
               <strong> <span>Payment Term :</span></strong><span t-field="doc.payment_term_id"/>
            </p>
            </div>
            <div class="oe_structure"/>
        </div>
    </t>
</template>


</data>
</openerp>
