<?xml version="1.0" encoding="utf-8"?>
<odoo noupdate="1">
    <record model="languages.list" id="l1">
        <field name="name">Greek / Ελληνικά</field>
        <field name="code">el</field>
    </record>
    <record model="languages.list" id="l2">
        <field name="name">English</field>
        <field name="code">en</field>
    </record>
    <record model="languages.list" id="l3">
        <field name="name">Catalan / Català</field>
        <field name="code">ca</field>
    </record>
    <record model="languages.list" id="l4">
        <field name="name">Italian / Italiano</field>
        <field name="code">it</field>
    </record>
    <record model="languages.list" id="l5">
        <field name="name">Swedish / svenska</field>
        <field name="code">sv</field>
    </record>
    <record model="languages.list" id="l6">
        <field name="name">Czech / Čeština</field>
        <field name="code">cs</field>
    </record>
    <record model="languages.list" id="l7">
        <field name="name">Arabic / الْعَرَبيّة</field>
        <field name="code">ar</field>
    </record>
    <record model="languages.list" id="l8">
        <field name="name">Estonian / Eesti keel</field>
        <field name="code">et</field>
    </record>
    <record model="languages.list" id="l9">
        <field name="name">Indonesian / Bahasa Indonesia</field>
        <field name="code">id</field>
    </record>
    <record model="languages.list" id="l10">
        <field name="name">Spanish / Español</field>
        <field name="code">es</field>
    </record>
    <record model="languages.list" id="l11">
        <field name="name">Russian / русский язык</field>
        <field name="code">es</field>
    </record>
    <record model="languages.list" id="l12">
        <field name="name">Dutch / Nederlands</field>
        <field name="code">nl</field>
    </record>
    <record model="languages.list" id="l13">
        <field name="name">Portuguese / Português</field>
        <field name="code">pt</field>
    </record>
    <record model="languages.list" id="l13">
        <field name="name">Turkish / Türkçe</field>
        <field name="code">tr</field>
    </record>
    <record model="languages.list" id="l14">
        <field name="name">Latvian / latviešu valoda</field>
        <field name="code">lv</field>
    </record>
    <record model="languages.list" id="l15">
        <field name="name">Lithuanian / Lietuvių kalba</field>
        <field name="code">lt</field>
    </record>
    <record model="languages.list" id="l16">
        <field name="name">Thai / ภาษาไทย</field>
        <field name="code">th</field>
    </record>
    <record model="languages.list" id="l17">
        <field name="name">Vietnamese / Tiếng Việt</field>
        <field name="code">vi</field>
    </record>
    <record model="languages.list" id="l18">
        <field name="name">Romanian / română</field>
        <field name="code">ro</field>
    </record>
    <record model="languages.list" id="l19">
        <field name="name">Polish / Język polski</field>
        <field name="code">pl</field>
    </record>
    <record model="languages.list" id="l20">
        <field name="name">French / Français</field>
        <field name="code">fr</field>
    </record>
    <record model="languages.list" id="l21">
        <field name="name">Bulgarian / български език</field>
        <field name="code">bg</field>
    </record>
    <record model="languages.list" id="l22">
        <field name="name">Ukrainian / українська</field>
        <field name="code">uk</field>
    </record>
    <record model="languages.list" id="l23">
        <field name="name">Croatian / hrvatski jezik</field>
        <field name="code">hr</field>
    </record>
    <record model="languages.list" id="l24">
        <field name="name">Slovenian / slovenščina</field>
        <field name="code">sl</field>
    </record>
    <record model="languages.list" id="l25">
        <field name="name">Danish / Dansk</field>
        <field name="code">da</field>
    </record>
    <record model="languages.list" id="l26">
        <field name="name">Persian / فارس</field>
        <field name="code">fa</field>
    </record>
    <record model="languages.list" id="l27">
        <field name="name">Hindi / हिंदी</field>
        <field name="code">hi</field>
    </record>
    <record model="languages.list" id="l28">
        <field name="name">Finnish / Suomi</field>
        <field name="code">fi</field>
    </record>
    <record model="languages.list" id="l29">
        <field name="name">Hungarian / Magyar</field>
        <field name="code">hu</field>
    </record>
    <record model="languages.list" id="l30">
        <field name="name">Japanese / 日本語</field>
        <field name="code">ja</field>
    </record>
    <record model="languages.list" id="l31">
        <field name="name">Norwegian Bokmål / Norsk bokmål</field>
        <field name="code">no</field>
    </record>
    <record model="languages.list" id="l32">
        <field name="name">Korean (KP) / 한국어 (KP)</field>
        <field name="code">ko</field>
    </record>
    <record model="languages.list" id="l33">
        <field name="name">Korean (KP) / 한국어 (KP)Korean (KR) / 한국어 (KR)</field>
        <field name="code">ko</field>
    </record>
    <record model="languages.list" id="l34">
        <field name="name">Slovak / Slovenský jazyk</field>
        <field name="code">sk</field>
    </record>
    <record model="languages.list" id="l35">
        <field name="name">Slovak / Slovenský jazyk</field>
        <field name="code">sk</field>
    </record>
    <record model="languages.list" id="l36">
        <field name="name">German / Deutsch</field>
        <field name="code">de</field>
    </record>
    <record model="languages.list" id="l37">
        <field name="name">German (CH) / Deutsch (CH)</field>
        <field name="code">de</field>
    </record>
    <record model="languages.list" id="l37">
        <field name="name">German (CH) / Deutsch (CH)</field>
        <field name="code">de</field>
    </record>
</odoo>