<?xml version="1.0" encoding="utf-8"?>
<openerp>
    <data>
        <record id="mt_auto_move_task" model="mail.message.subtype">
            <field name="name">Task auto moved</field>
            <field name="res_model">project.task</field>
            <field name="default" eval="False"/>
            <field name="description">Task auto moved</field>
        </record>

        <record id="mt_auto_move_task_project" model="mail.message.subtype">
            <field name="name">Task auto moved</field>
            <field name="res_model">project.project</field>
            <field name="default" eval="True"/>
            <field name="parent_id" eval="ref('mt_auto_move_task')"/>
            <field name="relation_field">project_id</field>
        </record>

        <!-- Cron job for automatically move -->
        <record forcecreate="True" id="ir_cron_autostaging"
                model="ir.cron">
            <field name="name">Automove tasks</field>
            <field eval="True" name="active" />
            <field name="user_id" ref="base.user_root" />
            <field name="interval_number">1</field>
            <field name="interval_type">days</field>
            <field name="numbercall">-1</field>
            <field eval="False" name="doall" />
            <field eval="'project.task'" name="model" />
            <field eval="'_cron_move_tasks'" name="function" />
            <field eval="'()'" name="args" />
        </record>
    </data>
</openerp>
