<?xml version="1.0" encoding="UTF-8"?>
<templates id="template" xml:space="preserve">
    <t t-name="PaypadButtonWidget">
        <button t-attf-class="paypad-button #{widget.cashregister.journal.debt and 'debt' or ''}" t-att-cash-register-id="widget.cashregister.id">
           <t t-esc="widget.cashregister.journal.name"/>
        </button>
    </t>

    <t t-extend="ClientDetails">
        <t t-jquery=".client-details-right" t-operation="append">
            <div t-if="partner.debt_type == 'debt'" class="client-detail">
                <span class='label'>Debt</span>
                <span t-attf-class="detail client-debt #{partner.debt gt 0 and 'positive' or partner.debt lt 0 and 'negative' or 'empty'}">
                    <t t-esc='widget.format_currency(partner.debt)'/>
                </span>
            </div>
            <div t-if="partner.debt_type == 'credit'" class="client-detail">
                <span class='label'>Credit</span>
                <span t-attf-class="detail client-debt #{partner.debt lt 0 and 'negative' or partner.debt gt 0 and 'positive' or 'empty'}">
                    <t t-esc='widget.format_currency(- partner.debt)'/>
                </span>
            </div>
        </t>
        <t t-jquery=".client-details-box" t-operation="after">
            <div id="loading_history" class="o_spinner oe_hidden"><i class="fa fa-spinner fa-spin fa-4"/></div>
        </t>
    </t>

    <t t-extend="ActionpadWidget">
        <t t-jquery="t[t-if*='!widget.pos.get_client()']" t-operation="after">
            <br/>
            <span t-attf-class="client-debt #{(widget.pos.get_client() and widget.pos.get_client().debt lt 0) ? 'negative' : ''} #{(widget.pos.get_client() and widget.pos.get_client().debt gt 0) ? 'positive' : ''}">
                <t t-esc="(widget.pos.get_client() and widget.pos.get_client().debt_type == 'debt' ? ' [Debt: ' + (Math.round(widget.pos.get_client().debt * 100) / 100).toString() + ']': '')"/>
            </span>
            <span t-attf-class="client-credit #{(widget.pos.get_client() and widget.pos.get_client().debt lt 0) ? 'positive' : ''} #{(widget.pos.get_client() and widget.pos.get_client().debt gt 0) ? 'negative' : ''}">
                <t t-esc="(widget.pos.get_client() and widget.pos.get_client().debt_type == 'credit' ? ' [Credit: ' + (- Math.round(widget.pos.get_client().debt * 100) / 100).toString() + ']': '')"/>
            </span>
        </t>
    </t>

    <t t-extend="PaymentScreenWidget">
        <t t-jquery="t[t-if*='!widget.pos.get_client()']" t-operation="after">
            <span t-attf-class="client-debt #{(widget.pos.get_client() and widget.pos.get_client().debt lt 0) ? 'negative' : ''} #{(widget.pos.get_client() and widget.pos.get_client().debt gt 0) ? 'positive' : ''}">
                <t t-esc="(widget.pos.get_client() and widget.pos.get_client().debt_type == 'debt' ? ' [Debt: ' + (Math.round(widget.pos.get_client().debt * 100) / 100).toString() + ']': '')"/>
            </span>
            <span t-attf-class="client-credit #{(widget.pos.get_client() and widget.pos.get_client().debt lt 0) ? 'positive' : ''} #{(widget.pos.get_client() and widget.pos.get_client().debt gt 0) ? 'negative' : ''}">
                <t t-esc="(widget.pos.get_client() and widget.pos.get_client().debt_type == 'credit' ? ' [Credit: ' + (- Math.round(widget.pos.get_client().debt * 100) / 100).toString() + ']': '')"/>
            </span>
        </t>

        <t t-jquery=".js_set_customer" t-operation="after">
            <div class="button pay-full-debt oe_hidden">
                <i class='fa fa-money' /> Pay Full Debt
            </div>
        </t>
    </t>

    <t t-extend="ClientListScreenWidget">
        <t t-jquery=".button.next" t-operation="before">
            <div id="client_list_header_buttons">
                <span id="show_debt_history" class="button debt_notebook_button oe_hidden highlight">
                    Show Debt History
                </span>
                <span id="show_customers" class="button debt_notebook_button oe_hidden highlight">
                    Show Customers
                </span>
                <span id="set-customer-pay-full-debt" class="button debt_notebook_button oe_hidden highlight">
                    Pay Full Debt
                </span>
            </div>
        </t>
        <t t-jquery="table.client-list tr" t-operation="append">
            <th id="client-list-debt">Debt</th>
            <th id="client-list-credit">Credit</th>
            <th>Max Debt</th>
        </t>
        <t t-jquery="table.client-list" t-operation="after">
            <table id="debt_history" class='client-list oe_hidden'>
                <thead>
                    <tr>
                        <th>Date/Time</th>
                        <th>Point of Sale</th>
                        <th>Products</th>
                        <th>Purchased Credits (In)</th>
                        <th>Credits Spent (Out)</th>
                        <th>Balance</th>
                    </tr>
                </thead>
                <tbody id='debt_history_contents'>
                </tbody>
            </table>
        </t>
    </t>

    <t t-extend="ClientLine">
        <t t-jquery="tr.client-line" t-operation="append">
            <td t-attf-class="client-debt #{((partner.debt_type == 'debt' and partner.debt lt 0) or (partner.debt_type == 'credit' and partner.debt lt 0)) ? 'negative' : ''} #{((partner.debt_type == 'debt' and partner.debt gt 0) or (partner.debt_type == 'credit' and partner.debt gt 0)) ? 'positive' : ''}">
                <t t-if="partner.debt_type == 'debt'" t-esc='widget.round(partner.debt)'/>
                <t t-if="partner.debt_type == 'credit'" t-esc='widget.round(-partner.debt)'/>
            </td>
            <td>
                <t t-esc='partner.debt_limit'/>
            </td>
        </t>
    </t>

    <t t-extend="ClientDetailsEdit">
        <t t-jquery=".client-details-left" t-operation="append">
            <div class='client-detail'>
                <span class='label label_nowrap'>Max Debt *</span>
                <input t-attf-class="detail client-credit-limit #{widget.check_user_in_group(widget.pos.config.group_pos_manager_id[0], widget.pos.user.groups_id) ? '' : 'disabled'}" name='debt_limit' t-att-value='partner.debt_limit || ""' placeholder='Max Debt'/>
                <!--<input t-attf-class="detail client-credit-limit #{widget.pos.config.group_pos_manager_id[0] in widget.pos.user.groups_id ? '' : 'disabled'}" name='debt_limit' t-att-value='partner.debt_limit || ""' placeholder='Max Debt'/>
                This construction will not work after the user's POS right are changed -->
            </div>
        </t>
        <t t-jquery=".client-details-box" t-operation="append">
            <div class='client-detail-notice'>
                * Some fields are editable only for POS managers.
            </div>
        </t>
    </t>

    <t t-name="DebtHistoryLine">
        <tr>
            <td><t t-esc="line ? line.date : ''"/></td>
            <td><t t-esc="line ? line.config_id[1] : ''"/></td>
            <td><t t-esc="line ? line.product_list : ''"/></td>
            <td><t t-esc="((line and line.balance gt 0) ? (line.balance).toString() : '')"/></td>
            <td><t t-esc="((line and line.balance lt 0) ? (-line.balance).toString() : '')"/></td>
            <td>
                <span t-attf-class="client-#{partner.debt_type} #{(line and line.total_balance lt 0) ? 'negative' : ''} #{(line and line.total_balance gt 0) ? 'positive' : ''}"><t t-esc="(line and line.total_balance ? (line.total_balance).toString() : '')"/></span>
            </td>
        </tr>
    </t>

    <t t-name="DebtHistoryLoadMore">
        <tr>
            <td colspan="6" class="pos_text_center">
                <div id="loading_history" class="o_spinner oe_hidden"><i class="fa fa-spinner fa-spin fa-4"/></div>
                <span id="load_more" class="button highlight">Load More</span>
            </td>
        </tr>
    </t>

    <t t-extend="XmlReceipt">
        <t t-jquery="t[t-if='receipt.cashier']" t-operation="after">
            <t t-if='receipt.client'>
                <div class='client'>
                    <div>--------------------------------</div>
                    <div>Customer: <t t-esc='receipt.client' /></div>
                </div>
            </t>
        </t>
        <t t-jquery=".before-footer" t-operation="before">
            <div t-if="receipt.debt_before or receipt.debt_after" class="debt">
                <t t-set="debt_label" t-value="receipt.debt_type=='debt' and 'Debt' or 'Credits'"/>
                <t t-set="debt_sign" t-value="receipt.debt_type=='debt' and 1 or -1"/>
                <line>
                    <left>Prev <t t-esc="debt_label"/></left>
                    <right><value><t t-esc='debt_sign * receipt.debt_before'/></value></right>
                </line>
                <line>
                    <left>New <t t-esc="debt_label"/></left>
                    <right><value><t t-esc='debt_sign * receipt.debt_after'/></value></right>
                </line>
            </div>

        </t>

    </t>
</templates>
