<?xml version="1.0" encoding="utf-8"?>
<openerp>
    <data>
        <!-- Cron job for automatically move -->
        <record forcecreate="True" id="ir_cron_autostaging"
                model="ir.cron">
            <field name="name">Autostaging</field>
            <field eval="True" name="active" />
            <field name="user_id" ref="base.user_root" />
            <field name="interval_number">1</field>
            <field name="interval_type">days</field>
            <field name="numbercall">-1</field>
            <field eval="False" name="doall" />
            <field eval="'autostaging.card'" name="model" />
            <field eval="'_cron_move_cards'" name="function" />
            <field eval="'()'" name="args" />
        </record>
    </data>
</openerp>
