<?xml version="1.0"?>
<openerp>
<data>

<!--=============================== Check Active Login Sessions ================================-->
<record id="ir_cron_user_session_validator" model="ir.cron" forcecreate="True">
	<field name="name">Logged in users validator</field>
	<field name="active" eval="True"/>
	<field name="user_id" ref="base.user_root" />
	<field name="interval_number">1</field>
	<field name="interval_type">minutes</field>
	<field name="numbercall">-1</field>
	<field name="model" eval="'res.users'"/>
	<field name="function" eval="'validate_sessions'"/>
	<field name="args" eval="'()'"/>
</record>


</data>
</openerp>
