<?xml version="1.0"?>
<openerp>
    <data>
        <record model="ir.ui.view" id="view_restaurant_floor_form">
            <field name="name">restaurant.floor.form.view.inherit</field>
            <field name="model">restaurant.floor</field>
            <field name="inherit_id" ref="pos_restaurant.view_restaurant_floor_form"></field>
            <field name="arch" type="xml">
                <xpath expr="//group[@col='4']" position="inside">
                    <field name="pos_default_fiscal"/>
                </xpath>
            </field>
        </record>

        <!-- POS -->
        <template id="assets_backend" name="pos_fiscal_floor assets" inherit_id="point_of_sale.assets">
            <xpath expr="." position="inside">
                <script type="text/javascript" src="/pos_fiscal_floor/static/src/js/pos_fiscal_floor.js"></script>
            </xpath>
        </template>

    </data>
</openerp>
