id,name,model_id:id,group_id:id,perm_read,perm_write,perm_create,perm_unlink
access_medical_medicament_attribute_color_user,access.medical.medicament.attribute.color.user,model_access_medical_medicament_attribute_color,medical.group_medical_user,1,0,0,0
access_medical_medicament_attribute_color_manager,access.medical.medicament.attribute.color.manager,model_access_medical_medicament_attribute_color,medical.group_medical_center_manager,1,1,1,1
access_medical_medicament_attribute_shape_user,access.medical.medicament.attribute.shape.user,model_access_medical_medicament_attribute_shape,medical.group_medical_user,1,0,0,0
access_medical_medicament_attribute_shape_manager,access.medical.medicament.attribute.shape.manager,model_access_medical_medicament_attribute_shape,medical.group_medical_center_manager,1,1,1,1
access_medical_medicament_attribute_flavor_user,access.medical.medicament.attribute.flavor.user,model_access_medical_medicament_attribute_flavor,medical.group_medical_user,1,0,0,0
access_medical_medicament_attribute_flavor_manager,access.medical.medicament.attribute.flavor.manager,model_access_medical_medicament_attribute_flavor,medical.group_medical_center_manager,1,1,1,1
