<?xml version="1.0" encoding="utf-8"?>

 <openerp>
   <data>

     <!-- <record model="ir.rule" id="project_description_subtask_rule"> -->
     <!--   <field name="name">Project: only reviewer can change description</field> -->
     <!--   <field name="model_id" ref="project_task_subtask.model_project_task_subtask"/>  -->
     <!--   <field name="groups" eval="[(4,ref('project.group_project_user'))]"/> -->
     <!--   <field name="domain_force">[ -->
     <!--   ('reviewer_id', '=', user.id),  -->
     <!--   ]</field> -->
     <!--   <field name="perm_unlink" eval="False"/> -->
     <!--   <field name="perm_write" eval="True"/> -->
     <!--   <field name="perm_create" eval="False"/> -->
     <!--   <field name="perm_read" eval="False"/> -->
     <!-- </record> -->

     <!-- <record id="delete_not_todo_only" model="ir.rule"> -->
     <!--   <field name="name">Only cancelled and done subtasks may be deleted by reviewer</field> -->
     <!--   <field name="model_id" ref="project_task_subtask.model_project_task_subtask"/> -->
     <!--   <field name="groups" eval="[(4, ref('base.group_sale_manager'))]"/> -->
     <!--   <field name="perm_read" eval="0"/> -->
     <!--   <field name="perm_write" eval="0"/> -->
     <!--   <field name="perm_create" eval="0"/> -->
     <!--   <field name="perm_unlink" eval="1" /> -->
     <!--   <field name="domain_force">[('state','!=','todo')]</field> -->
     <!-- </record> -->

     <!-- <record id="delete_not_todo_only" model="ir.rule"> -->
     <!--   <field name="name">Only cancelled and done subtasks may be deleted by reviewer</field> -->
     <!--   <field name="model_id" ref="project_task_subtask.model_project_task_subtask"/> -->
     <!--   <field name="groups" eval="[(4, ref('base.group_sale_manager'))]"/> -->
     <!--   <field name="domain_force">[('uid','!=','reviewer_id')]</field> -->
     <!-- </record> -->

   </data>
 </openerp>
