<?xml version="1.0" encoding="utf-8"?>
<openerp>
<data>
<template id="fency_report_invoice_document">
<t t-if="o and 'company_id' in o">
                <t t-set="company" t-value="o.company_id"></t>
            </t>
            <t t-if="not o or not 'company_id' in o">
                <t t-set="company" t-value="res_company"></t>
            </t>
            <div class="header">
                <div class="row">
                    <div class="col-xs-3">
                        <img t-if="company.logo" t-att-src="'data:image/png;base64,%s' % company.logo"
                            style="max-height: 85px;" />
                    </div>
                    <div class="col-xs-8 text-right" style="font:15px lucida-console,sans-serif !important;" >
                        <span style="color:#3498DB !important;" t-field="company.partner_id" /><br/>
                        <span style="color:gray !important;" t-field="company.partner_id.street" /><br/>
                        <span style="color:gray !important;" t-field="company.partner_id.street2" /><br/>
                        <span style="color:gray !important;" t-field="company.partner_id.city" /><br/>
                        <span style="color:gray !important;" t-field="company.partner_id.country_id" /><br/>
<span style="color:gray !important;" t-field="company.partner_id.vat" /><br/>
</div>
</div>
            </div>
    <t t-call="report.external_layout">
        <t t-set="o" t-value="o.with_context({'lang':o.partner_id.lang})" />
        <div class="page">

            <div style=" background-color:  #3498DB;">
            <h2>
                <span  t-if="o.type == 'out_invoice' and (o.state == 'open' or o.state == 'paid')"><font color="#fff">Invoice</font></span>
                <span  t-if="o.type == 'out_invoice' and o.state == 'proforma2'"><font color="#fff">PRO-FORMA</font></span>
                <span   t-if="o.type == 'out_invoice' and o.state == 'draft'"><font color="#fff">Draft Invoice</font></span>
                <span   t-if="o.type == 'out_invoice' and o.state == 'cancel'"><font color="#fff">Cancelled Invoice</font></span>
                <span   t-if="o.type == 'out_refund'"><font color="#fff">Refund</font></span>
                <span   t-if="o.type == 'in_refund'"><font color="#fff">Vendor Refund</font></span>
                <span   t-if="o.type == 'in_invoice'"><font color="#fff">Vendor Bill</font></span>
                <font color="#fff"><span t-field="o.number"/></font>
            </h2>

            <div class="row mt32 mb32">

                <div class="col-xs-3" t-if="o.date_invoice">
                <font color="#fff">
                    <strong>Invoice Date:</strong>
                    <p t-field="o.date_invoice"/></font>
                </div>

                <div class="col-xs-3" t-if="o.date_due and o.type == 'out_invoice' and (o.state == 'open' or o.state == 'paid')">
                    <font color="#fff">
                    <strong>Due Date:</strong>
                    <p t-field="o.date_due"/></font>
                </div>
                <div class="col-xs-3" t-if="o.payment_term_id">
                <font color="#fff">
                    <strong> Payment Term:</strong>
                    <p t-field="o.payment_term_id"/></font>
                </div>

                <div class="col-xs-3" t-if="o.user_id">
                    <font color="#fff">
                    <strong>SalesPerson:</strong>
                    <p t-field="o.user_id"/></font>
                </div>
            </div>
</div>
    <div class="row" style="padding-top:20px;">
        <div class="col-xs-3" style="font:15px lucida-console,sans-serif !important;" >
                        <span style="color:#3498DB !important;" t-field="o.partner_id" /><br/>
                        <span style="color:gray !important;" t-field="o.partner_id.street" /><br/>
                        <span style="color:gray !important;" t-field="o.partner_id.street2" /><br/>
                        <span style="color:gray !important;" t-field="o.partner_id.city" /><br/>
                        <span style="color:gray !important;" t-field="o.partner_id.country_id" /><br/>
 <span style="color:gray !important;" t-field="o.partner_id.vat" /><br/>
        </div>
            <div style="padding-top:20px;"></div>
            <!-- Is there a discount on at least one line? -->
            <t t-set="display_discount" t-value="any([l.discount for l in o.invoice_line_ids])"/>

            <table class="table table-condensed table table-striped">
                <thead style=" background-color: #3498DB;" >
                    <tr>
                        <th><font color="#fff">Description</font></th>
                        <th><font color="#fff">Quantity </font></th>
                        <th><font color="#fff">Unit Price</font></th>
                        <th style="color:#FFF !important;"  t-if="display_discount" class="text-right" groups="sale.group_discount_per_so_line">Disc.(%)</th>
                        <th><font color="#fff">Taxes</font></th>
                        <th><font color="#fff">Price</font></th>
                    </tr>
                </thead>
                <tbody class="invoice_tbody">
                    <tr t-foreach="o.invoice_line_ids" t-as="l">
                        <td><span t-field="l.name"/></td>
                        <td class="text-right">
                            <span t-field="l.quantity"/>
                            <span t-field="l.uom_id"  groups="product.group_uom"/>
                        </td>
                        <td class="text-right">
                            <span t-field="l.price_unit"/>
                        </td>
                        <td t-if="display_discount" class="text-right" groups="sale.group_discount_per_so_line">
                            <span t-field="l.discount"/>
                        </td>
                        <td>
                            <span t-esc="', '.join(map(lambda x: (x.description or x.name), l.invoice_line_tax_ids))"/>
                        </td>
                        <td class="text-right">
                            <span t-field="l.price_subtotal"
                                t-field-options='{"widget": "monetary", "display_currency": "o.currency_id"}'/>
                        </td>
                    </tr>
                </tbody>
            </table>
        </div>

            <div class="row">
                <div class="col-xs-4 pull-right">
                    <table class="table table-condensed">
                        <tr class="border-black">
                            <td><strong>Subtotal</strong></td>
                            <td class="text-right">
                                <span t-field="o.amount_untaxed" t-field-options='{"widget": "monetary", "display_currency": "o.currency_id"}'/>
                            </td>
                        </tr>
                        <t t-foreach="o._get_tax_amount_by_group()" t-as="amount_by_group">
                            <tr>
                                <td><span t-esc="amount_by_group[0]"/></td>
                                <td class="text-right">
                                    <span t-esc="amount_by_group[1]"/>
                                </td>
                            </tr>
                        </t>
                        <tr class="border-black">
                            <td><strong>Total</strong></td>
                            <td class="text-right">
                                 <span t-field="o.amount_total" t-field-options='{"widget": "monetary", "display_currency": "o.currency_id"}'/>
                            </td>
                        </tr>
                    </table>
                </div>
            </div>
<div style="padding-top:50px;">
</div>
            <p t-if="o.comment">
                <strong>Comment:</strong>
                <span t-field="o.comment"/>
            </p>
            <p t-if="o.paypal_chk">
            <strong style="color:#3498DB !important;">Paypal Account Details</strong><br/>
                <span>Paypal Id : </span><span style="color:gray !important;" t-field="o.paypal_id"/>
            </p>
            <p t-if="o.paypal_chk == False">
            <strong style="color:#3498DB !important;">Bank Account Details</strong><br/>
                <span>Account Id : </span><span style="color:gray !important;" t-field="o.company_id.bank_account_id.acc_number"/><br/>
                <span>Bank Name : </span><span style="color:gray !important;" t-field="o.company_id.bank_account_id.bank_id.name"/><br/>
                <span>Branch Name/Address : </span><span style="color:gray !important;" t-field="o.company_id.bank_account_id.branch_name"/><br/>
                <span style="color:gray !important;" t-field="o.company_id.bank_account_id.street"/><br/>
                <span style="color:gray !important;" t-field="o.company_id.bank_account_id.street2"/><span>,</span>
                <span style="color:gray !important;" t-field="o.company_id.bank_account_id.city"/><span>,</span>
                <span style="color:gray !important;" t-field="o.company_id.bank_account_id.zip"/><br/>
                <span style="color:gray !important;" t-field="o.company_id.bank_account_id.state_id"/><span>,</span><span style="color:gray !important;" t-field="o.company_id.bank_account_id.country_id"/><br/>
                <span>Swift Code : </span><span style="color:gray !important;" t-field="o.company_id.bank_account_id.swift_code"/><br/>
                <span>IFSC Code : </span><span style="color:gray !important;" t-field="o.company_id.bank_account_id.ifsc"/><br/>

            </p>
            <p t-if="o.fiscal_position_id.note">
                <strong>Fiscal Position Remark:</strong>
                <span t-field="o.fiscal_position_id.note"/>
            </p>
        </div>
    </t>
</template>

<template id="report_invoice"   inherit_id="account.report_invoice">

   <xpath expr="//t[@t-call='account.report_invoice_document']" position="replace" >
    <t t-call="report.html_container">
        <t t-foreach="docs" t-as="o">
            <t t-if="o.company_id.account_template == 'fency' ">
                <t t-call="bi_professional_reports_templates.fency_report_invoice_document" t-lang="o.partner_id.lang"/>
            </t>
            <t t-if="o.company_id.account_template == 'classic'">
                <t t-call="bi_professional_reports_templates.classic_report_invoice_document" t-lang="o.partner_id.lang"/>
            </t>
            <t t-if="o.company_id.account_template == 'modern' ">
                <t t-call="bi_professional_reports_templates.modern_report_invoice_document" t-lang="o.partner_id.lang"/>
            </t>
            <t t-if="o.company_id.account_template == 'odoo_standard'">
                <t t-call="bi_professional_reports_templates.odoo_std_report_invoice_document" t-lang="o.partner_id.lang"/>
            </t>
            <t t-if="not o.company_id.account_template">
                <t t-call="account.report_invoice_document" t-lang="o.partner_id.lang"/>
            </t>
        </t>
    </t>
  </xpath>
</template>

</data>
</openerp>
