<?xml version="1.0" encoding="utf-8"?>
<openerp>
<data>
    <template id="modern_report_invoice_document">
        <t t-if="o and 'company_id' in o">
                        <t t-set="company" t-value="o.company_id"></t>
                    </t>
                    <t t-if="not o or not 'company_id' in o">
                        <t t-set="company" t-value="res_company"></t>
                    </t>
                    <div class="header">
                        <div class="row">
                            <div class="col-xs-6">
                                <img t-if="company.logo" t-att-src="'data:image/png;base64,%s' % company.logo"
                                    style="max-height: 85px;" />
                            </div>
                            <div class="col-xs-6 text-right" style="font:15px lucida-console,sans-serif !important; background-color:#893b74; !important;" >
                                <span style="color:#fff !important;" t-field="company.partner_id" /><br/>
                                <span style="color:#fff !important;" t-field="company.partner_id.street" /><br/>
                                <span style="color:#fff !important;" t-field="company.partner_id.street2" /><br/>
                                <span style="color:#fff !important;" t-field="company.partner_id.city" /><br/>
                                <span style="color:#fff !important;" t-field="company.partner_id.country_id" /><br/>
<span style="color:#fff !important;" t-field="company.partner_id.vat" /><br/>
        </div>
        </div>
                    </div>
            <t t-call="report.external_layout">
                <t t-set="o" t-value="o.with_context({'lang':o.partner_id.lang})" />
                <div class="page">
                    <div class="oe_structure"/>
                        <div class="row">
                            <table class="table table-condensed table table-striped" style=" table-layout:fixed;" >
                        <thead style=" background-color: #893b74;">
                            <tr>
                                <th width="30px" style="border: 1px !important; border-style: solid !important; border-color: #fff; color:#fff !important; ">Customer</th>
                                <th width="30px" style="border: 1px !important; border-style: solid !important; border-color: #fff; color:#fff !important; ">Invoicing Address</th>
                                <th width="20px" style="border: 1px !important; border-style: solid !important; border-color: #fff; color:#fff !important; ">Reference/Description</th>
                                <th width="20px" style="border: 1px !important; border-style: solid !important; border-color: #fff; color:#fff !important; ">Invoice #</th>
                            </tr>
                       </thead>
                       <tbody>
                                <tr>
                                    <td style="border: 1px !important; border-style: solid !important; border-color: #fff !important;">
                                       <div t-field="o.partner_id"
                                    t-field-options='{"widget": "contact", "fields": ["address", "name", "phone", "fax"], "no_marker": true, "phone_icons": true}'/>
                                   <div t-field="o.partner_id.vat"/>
                                    </td>
                                <td style="border: 1px !important; border-style: solid !important; border-color: #fff !important;">
                                     <div t-field="o.partner_id"
                                    t-field-options='{"widget": "contact", "fields": ["address", "name", "phone", "fax"], "no_marker": true, "phone_icons": true}'/>


 				<div t-field="o.partner_id.vat"/>
                                </td>
                                <td style="border: 1px !important; border-style: solid !important; border-color: #fff !important;">
                                <div t-field="o.name"/>
                                </td>
                                <td style="border: 1px !important; border-style: solid !important; border-color: #fff !important;">
                        <div  t-if="o.type == 'out_invoice' and o.state == 'proforma2'">PRO-FORMA</div>
                        <div   t-if="o.type == 'out_invoice' and o.state == 'draft'"> Draft Invoice </div>
                        <br/>
                        <b><div t-field="o.number"/></b>
                                </td>
                                </tr>
                               </tbody>
                    </table>

                    <table class="table table-condensed table table-striped" style=" table-layout:fixed; padding-top=20px;" >
                        <thead style=" background-color: #893b74;">
                            <tr>
                                <th width="30px" style="border: 1px !important; border-style: solid !important; border-color: #fff; color:#fff !important; ">Invoice Date</th>
                                <th width="30px" style="border: 1px !important; border-style: solid !important; border-color: #fff; color:#fff !important; ">Due Date</th>
                                <th width="20px" style="border: 1px !important; border-style: solid !important; border-color: #fff; color:#fff !important; ">Payment Term</th>
                                <th width="20px" style="border: 1px !important; border-style: solid !important; border-color: #fff; color:#fff !important; ">SalesPerson</th>
                            </tr>
                       </thead>
                       <tbody>
                        <tr>
                            <td style="border: 1px !important; border-style: solid !important; border-color: #fff !important;">
                                    <div t-field="o.date_invoice"/>
                                    </td>
                                <td style="border: 1px !important; border-style: solid !important; border-color: #fff !important;">
                                        <div t-field="o.date_due"/>
                                </td>
                                <td style="border: 1px !important; border-style: solid !important; border-color: #fff !important;">
                            <div t-field="o.payment_term_id"/>
                                </td>
                                <td style="border: 1px !important; border-style: solid !important; border-color: #fff !important;">
                            <div t-field="o.user_id"/>
                                </td>
                                </tr>
                               </tbody>
                    </table>

        <div style="padding-top:20px;"></div>
                    <!-- Is there a discount on at least one line? -->
                    <t t-set="display_discount" t-value="any([l.discount for l in o.invoice_line_ids])"/>

                    <table class="table table-condensed table table-striped">
                        <thead style=" background-color: #893b74;" >
                            <tr>
                                <th><font color="#fff">Description</font></th>
                                <th><font color="#fff">Quantity </font></th>
                                <th><font color="#fff">Unit Price</font></th>
                                <th style="color:#FFF !important;"  t-if="display_discount" class="text-right" groups="sale.group_discount_per_so_line">Disc.(%)</th>
                                <th><font color="#fff">Taxes</font></th>
                                <th><font color="#fff">Price</font></th>
                            </tr>
                        </thead>
                        <tbody class="invoice_tbody">
                            <tr t-foreach="o.invoice_line_ids" t-as="l">
                                <td><span t-field="l.name"/></td>
                                <td class="text-right">
                                    <span t-field="l.quantity"/>
                                    <span t-field="l.uom_id"  groups="product.group_uom"/>
                                </td>
                                <td class="text-right">
                                    <span t-field="l.price_unit"/>
                                </td>
                                <td t-if="display_discount" class="text-right" groups="sale.group_discount_per_so_line">
                                    <span t-field="l.discount"/>
                                </td>
                                <td>
                                    <span t-esc="', '.join(map(lambda x: (x.description or x.name), l.invoice_line_tax_ids))"/>
                                </td>
                                <td class="text-right">
                                    <span t-field="l.price_subtotal"
                                        t-field-options='{"widget": "monetary", "display_currency": "o.currency_id"}'/>
                                </td>
                            </tr>
                        </tbody>
                    </table>
 </div>
                    <div class="row">
                        <div class="col-xs-4 pull-right">
                            <table class="table table-condensed">
                                <tr class="border-black">
                                    <td><strong>Subtotal</strong></td>
                                    <td class="text-right">
                                        <span t-field="o.amount_untaxed" t-field-options='{"widget": "monetary", "display_currency": "o.currency_id"}'/>
                                    </td>
                                </tr>
                                <t t-foreach="o._get_tax_amount_by_group()" t-as="amount_by_group">
                                    <tr>
                                        <td><span t-esc="amount_by_group[0]"/></td>
                                        <td class="text-right">
                                            <span t-esc="amount_by_group[1]"/>
                                        </td>
                                    </tr>
                                </t>
                                <tr class="border-black" style=" background-color: #893b74; color:#fff !important;">
                                    <td><strong>Total</strong></td>
                                    <td class="text-right">
                                         <span t-field="o.amount_total" t-field-options='{"widget": "monetary", "display_currency": "o.currency_id"}'/>
                                    </td>
                                </tr>
                            </table>
                        </div>
                    </div>
        <div style="padding-top:50px;">
        </div>
                    <p t-if="o.comment">
                        <strong>Comment:</strong>
                        <span t-field="o.comment"/>
                    </p>
                    <p t-if="o.paypal_chk">
                    <div style="background-color: #893b74;">
                    <strong style="color:#fff !important;">Paypal Account Details</strong><br/>
                        <span><font color="#fff">Paypal Id :</font> </span><span style="color:#fff !important;" t-field="o.paypal_id"/>
                     </div>
                    </p>
                    <p t-if="o.paypal_chk == False">
                    <div style="background-color: #893b74;">
                    <strong style="color:#fff !important;">Bank Account Details</strong><br/>
                        <span><font color="#fff">Account Id :</font> </span><span style="color:#fff !important;" t-field="o.company_id.bank_account_id.acc_number"/><br/>
                        <span><font color="#fff">Bank Name :</font> </span><span style="color:#fff !important;" t-field="o.company_id.bank_account_id.bank_id.name"/><br/>
                        <span><font color="#fff">Branch Name/Address :</font> </span><span style="color:#fff !important;" t-field="o.company_id.bank_account_id.branch_name"/><br/>
                        <span style="color:#fff !important;" t-field="o.company_id.bank_account_id.street"/><br/>
                        <span style="color:#fff !important;" t-field="o.company_id.bank_account_id.street2"/><span style="color:#fff !important;">,</span>
                        <span style="color:#fff !important;" t-field="o.company_id.bank_account_id.city"/><span style="color:#fff !important;">,</span>
                        <span style="color:#fff !important;" t-field="o.company_id.bank_account_id.zip"/><br/>
                        <span style="color:#fff !important;" t-field="o.company_id.bank_account_id.state_id"/><span style="color:#fff !important;">,</span><span style="color:#fff !important;" t-field="o.company_id.bank_account_id.country_id"/><br/>
                        <span><font color="#fff">Swift Code :</font> </span><span style="color:#fff !important;" t-field="o.company_id.bank_account_id.swift_code"/><br/>
                        <span><font color="#fff">IFSC Code : </font></span><span style="color:#fff !important;" t-field="o.company_id.bank_account_id.ifsc"/><br/>
                        </div>
                    </p>
                    <p t-if="o.fiscal_position_id.note">
                        <strong>Fiscal Position Remark:</strong>
                        <span t-field="o.fiscal_position_id.note"/>
                    </p>
                </div>
            </t>
    </template>


</data>
</openerp>
