<?xml version="1.0" encoding="utf-8"?>

<odoo>
  <data>
    <record id="asterisk_extensions_conf" model="asterisk.conf">
      <field name="filename">extensions.conf</field>
      <field name="server" ref="asterisk_test_server"/>
      <field name="filename_on_create">extensions.conf</field>
      <field name="server_on_create" ref="asterisk_test_server"/>
      <field name="content">[general]

#include extensions_custom.conf

[default]

;[clean-recording]
;exten => s,1,System(sleep 5 &amp;&amp; rm "/var/spool/asterisk/monitor/${UNIQUEID}.wav")

[macro-monitor]
exten => s,1,MixMonitor(${UNIQUEID}.wav)
   ;same => n,Set(CHANNEL(hangup_handler_push)=clean-recording,s,1(${UNIQUEID}))
   same => n,Set(AUDIOHOOK_INHERIT(MixMonitor)=yes)

[stasis-error]
; Here we come on stasis errors
exten => stasis-error,1,Answer
exten => stasis-error,n,Playback(error-has-occured)
exten => stasis-error,n,Hangup


[users]
include => stasis-error
exten => 100,1,Wait(1)
exten => 100,n,Ringing
exten => 100,n,Answer
exten => 100,n,Wait(1)
exten => 100,n,Stasis(odoo,set_callerid)
exten => 100,n,Macro(monitor)
exten => 100,n,Dial(SIP/test2)
exten => 100,n,Playback(demo-thanks)
exten => 100,n,Hangup


#tryinclude extensions_custom.conf

      </field>
    </record>
  </data>
</odoo>
