<?xml version="1.0" encoding="utf-8"?>

<odoo>
  <data>
    <record id="asterisk_http_conf" model="asterisk.conf">
      <field name="filename">http.conf</field>
      <field name="server" ref="asterisk_test_server"/>
      <field name="content">[general]
enabled=yes
enablestatic=yes
servername=Asterisk
bindaddr=0.0.0.0
bindport=8088
prefix=; Do not change the prefix as ARI connect does not support it.

; Do not remove! Config files are uploaded over here.
[post_mappings]
uploads = /etc/asterisk

; TLS support - currently not implemented.
tlsenable=no
tlsbindaddr=0.0.0.0:8089
;tlscertfile=/path/to/certificate.pem
;tlsprivatekey=/path/to/private.pem
      </field>
    </record>
  </data>
</odoo>
