<?xml version="1.0" encoding="utf-8"?>

<odoo>
  <data>
    <record id="asterisk_manager_conf" model="asterisk.conf">
      <field name="filename">manager.conf</field>
      <field name="server" ref="asterisk_test_server"/>
      <field name="content">[general]
enabled = yes
webenabled = yes
port = 5038
bindaddr = 0.0.0.0
allowmultiplelogin = yes
displayconnects = no
timestampevents = yes
debug = off
httptimeout = 60

[asterisk_admin]
secret = admin-secret
deny=0.0.0.0/0.0.0.0
permit=0.0.0.0/0.0.0.0
read = all
write = all
      </field>
    </record>
  </data>
</odoo>
