<?xml version="1.0" encoding="utf-8"?>

<odoo>
  <data>
    <record id="asterisk_modules_conf" model="asterisk.conf">
      <field name="filename">modules.conf</field>
      <field name="server" ref="asterisk_test_server"/>
      <field name="content">[modules]
autoload=yes

noload => pbx_gtkconsole.so
noload => cel_sqlite3_custom.so
noload => cel_radius.so
noload => cel_pgsql.so

noload => pbx_dundi.so
noload => pbx_ael.so
noload => pbx_lua.so

noload => cdr_radius.so
noload => cdr_odbc.so
noload => cdr_sqlite3_custom.so
noload => res_config_sqlite3.so
noload => res_config_ldap.so
noload => res_config_curl.so
noload => pbx_kdeconsole.so
noload => app_intercom.so
noload => chan_motif.so
noload => chan_mgcp.so
noload => chan_skinny.so
noload => chan_modem.so
noload => chan_modem_aopen.so
noload => chan_modem_bestdata.so
noload => chan_modem_i4l.so
noload => chan_capi.so
load => res_musiconhold.so
noload => chan_alsa.so
noload => chan_oss.so
noload => app_directory_odbc.so
noload => res_config_odbc.so
noload => res_config_pgsql.so

noload => res_xmpp.so
noload => res_phoneprov.so

[global]

      </field>
    </record>
  </data>
</odoo>
