<?xml version="1.0" encoding="utf-8"?>

<odoo>
  <data>
    <record id="asterisk_sip_conf" model="asterisk.conf">
      <field name="filename">sip.conf</field>
      <field name="server" ref="asterisk_test_server"/>
      <field name="content">[general]

[general]

[test1] ;Use it for testing account 1!
secret=test1
type=friend
host=dynamic
context=extensions

[test2] ;Use it for testing account 2!
secret=test2
type=friend
host=dynamic
context=extensions

#tryinclude sip_custom.conf

      </field>
    </record>
  </data>
</odoo>
