<?xml version="1.0" encoding="UTF-8"?>
<templates id="template" xml:space="preserve">
    <t t-extend="Orderline">
        <t t-jquery=".info-list" t-operation="after">
            <div t-if="line.ms_info and line.ms_info.created" class="ms_info">
                added by <t t-esc="line.ms_info.created.user.name"/> (<t t-esc="line.ms_info.created.pos.name"/>)
                <t t-if="line.ms_info.changed and line.ms_info.changed.pos.id != line.ms_info.created.pos.id">
                    , edited by <t t-esc="line.ms_info.changed.user.name"/>  (<t t-esc="line.ms_info.changed.pos.name"/>)
                </t>
            </div>
        </t>
    </t>

    <t t-extend="OrderSelectorWidget">
        <t t-jquery="t[t-if='order === widget.pos.get_order()'] .order-sequence" t-operation="replace">
            <span class='order-sequence'>
                <span t-if="order.ms_info and order.ms_info.created" class="ms_info"><t t-esc="order.ms_info.created.pos.name"/></span>
                <t t-if="order.new_order"><span class="new_order">New</span></t>
                <t t-if="!order.new_order"><t t-esc='order.sequence_number' /></t>
            </span>
        </t>
        <t t-jquery="t[t-if='order !== widget.pos.get_order()'] .order-sequence" t-operation="replace">
            <span class='order-sequence'>
                <span t-if="order.ms_info and order.ms_info.created" class="ms_info"><t t-esc="order.ms_info.created.pos.name"/></span>
                <t t-if="order.new_order">New</t>
                <t t-if="!order.new_order"><t t-esc='order.sequence_number' /></t>
            </span>
        </t>
    </t>

</templates>
