<?xml version="1.0" encoding="utf-8"?>
<odoo>
  <data noupdate="0">

    <record id="ir_cron_update_repositories" model="ir.cron">
      <field name="name">Update repositories with demo</field>
      <field eval="True" name="active" />
      <field name="user_id" ref="base.user_root" />
      <field name="interval_number">1</field>
      <field name="interval_type">days</field>
      <field name="numbercall">-1</field>
      <field name="nextcall" eval="(DateTime.now().replace(hour=23, minute=00, second=00)).strftime('%Y-%m-%d %H:%M:%S')" />
      <field name="doall" eval="False"/>
      <field name="model" eval="'saas_portal.server'"/>
      <field name="function" eval="'update_repositories'"/>
      <field name="args" eval="'()'"/>
    </record>

    <record id="ir_cron_restart_server" model="ir.cron">
      <field name="name">Restart server with demo</field>
      <field eval="True" name="active" />
      <field name="user_id" ref="base.user_root" />
      <field name="interval_number">1</field>
      <field name="interval_type">days</field>
      <field name="numbercall">-1</field>
      <field name="nextcall" eval="(DateTime.now().replace(hour=23, minute=30, second=00)).strftime('%Y-%m-%d %H:%M:%S')" />
      <field name="doall" eval="False"/>
      <field name="model" eval="'saas_portal.server'"/>
      <field name="function" eval="'restart_server'"/>
      <field name="args" eval="'()'"/>
    </record>

    <record id="ir_cron_update_templates" model="ir.cron">
      <field name="name">Update templates for demo</field>
      <field eval="True" name="active" />
      <field name="user_id" ref="base.user_root" />
      <field name="interval_number">1</field>
      <field name="interval_type">days</field>
      <field name="numbercall">-1</field>
      <field name="nextcall" eval="(DateTime.now().replace(hour=00, minute=00, second=00)).strftime('%Y-%m-%d %H:%M:%S')" />
      <field name="doall" eval="False"/>
      <field name="model" eval="'saas_portal.server'"/>
      <field name="function" eval="'update_all_templates'"/>
      <field name="args" eval="'()'"/>
    </record>

  </data>
</odoo>
