<?xml version="1.0" encoding="utf-8"?>
<odoo>

    <record id="odoo_version_product_attribute" model="product.attribute">
      <field name="name">Odoo Version</field>
    </record>
    <record id="product_attribute_value_8" model="product.attribute.value">
      <field name="name">8.0</field>
      <field name="attribute_id" ref="odoo_version_product_attribute"/>
    </record>
    <record id="product_attribute_value_9" model="product.attribute.value">
      <field name="name">9.0</field>
      <field name="attribute_id" ref="odoo_version_product_attribute"/>
    </record>
    <record id="product_attribute_value_10" model="product.attribute.value">
      <field name="name">10.0</field>
      <field name="attribute_id" ref="odoo_version_product_attribute"/>
    </record>
    <record id="product_attribute_value_11" model="product.attribute.value">
      <field name="name">11.0</field>
      <field name="attribute_id" ref="odoo_version_product_attribute"/>
    </record>

</odoo>
